src,dst,spec,slots_used,core_src,core_dst,cores_used,tfk_slot
0,30,0,2,0,0,1,1.0
0,30,0,2,0,0,1,1.0
0,51,2,2,0,0,1,1.0
0,51,2,2,0,0,1,1.0
0,67,4,2,0,0,1,1.0
0,67,4,2,0,0,1,1.0
2,49,0,2,0,0,1,1.0
2,49,0,2,0,0,1,1.0
2,90,2,2,0,0,1,1.0
2,90,2,2,0,0,1,1.0
2,91,4,2,0,0,1,1.0
2,91,4,2,0,0,1,1.0
3,42,0,2,0,0,1,1.0
3,42,0,2,0,0,1,1.0
4,71,0,2,0,0,1,1.0
4,71,0,2,0,0,1,1.0
4,91,2,2,0,0,1,1.0
4,91,2,2,0,0,1,1.0
6,24,0,2,0,0,1,1.0
6,24,0,2,0,0,1,1.0
6,50,2,2,0,0,1,1.0
6,50,2,2,0,0,1,1.0
6,93,4,2,0,0,1,1.0
6,93,4,2,0,0,1,1.0
7,50,0,2,0,0,1,1.0
7,50,0,2,0,0,1,1.0
7,83,2,2,0,0,1,1.0
7,83,2,2,0,0,1,1.0
8,95,0,2,0,0,1,1.0
8,95,0,2,0,0,1,1.0
9,16,0,2,0,0,1,1.0
9,16,0,2,0,0,1,1.0
10,60,0,2,0,0,1,1.0
10,60,0,2,0,0,1,1.0
11,30,2,2,0,0,1,1.0
11,30,2,2,0,0,1,1.0
11,74,0,2,0,0,1,1.0
11,74,0,2,0,0,1,1.0
11,83,4,2,0,0,1,1.0
11,83,4,2,0,0,1,1.0
13,49,2,2,0,0,1,1.0
13,49,2,2,0,0,1,1.0
13,93,0,2,0,0,1,1.0
13,93,0,2,0,0,1,1.0
14,0,6,2,0,0,1,1.0
14,0,6,2,0,0,1,1.0
15,20,0,2,0,0,1,1.0
15,20,0,2,0,0,1,1.0
16,0,8,2,0,0,1,1.0
16,0,8,2,0,0,1,1.0
16,11,6,2,0,0,1,1.0
16,11,6,2,0,0,1,1.0
16,51,4,2,0,0,1,1.0
16,51,4,2,0,0,1,1.0
17,14,0,2,0,0,1,1.0
17,14,0,2,0,0,1,1.0
17,75,2,2,0,0,1,1.0
17,75,2,2,0,0,1,1.0
18,56,0,2,0,0,1,1.0
18,56,0,2,0,0,1,1.0
18,79,2,2,0,0,1,1.0
18,79,2,2,0,0,1,1.0
19,3,2,2,0,0,1,1.0
19,3,2,2,0,0,1,1.0
19,4,4,2,0,0,1,1.0
19,4,4,2,0,0,1,1.0
19,46,0,2,0,0,1,1.0
19,46,0,2,0,0,1,1.0
20,38,2,2,0,0,1,1.0
20,38,2,2,0,0,1,1.0
20,75,4,2,0,0,1,1.0
20,75,4,2,0,0,1,1.0
21,16,2,2,0,0,1,1.0
21,16,2,2,0,0,1,1.0
22,47,0,2,0,0,1,1.0
22,47,0,2,0,0,1,1.0
22,61,2,2,0,0,1,1.0
22,61,2,2,0,0,1,1.0
22,79,4,2,0,0,1,1.0
22,79,4,2,0,0,1,1.0
22,85,6,2,0,0,1,1.0
22,85,6,2,0,0,1,1.0
22,96,8,2,0,0,1,1.0
22,96,8,2,0,0,1,1.0
23,29,0,2,0,0,1,1.0
23,29,0,2,0,0,1,1.0
23,32,2,2,0,0,1,1.0
23,32,2,2,0,0,1,1.0
23,39,4,2,0,0,1,1.0
23,39,4,2,0,0,1,1.0
23,88,6,2,0,0,1,1.0
23,88,6,2,0,0,1,1.0
26,39,0,2,0,0,1,1.0
26,39,0,2,0,0,1,1.0
26,48,2,2,0,0,1,1.0
26,48,2,2,0,0,1,1.0
26,54,4,2,0,0,1,1.0
26,54,4,2,0,0,1,1.0
27,17,4,2,0,0,1,1.0
27,17,4,2,0,0,1,1.0
27,32,0,2,0,0,1,1.0
27,32,0,2,0,0,1,1.0
27,51,6,2,0,0,1,1.0
27,51,6,2,0,0,1,1.0
27,52,2,2,0,0,1,1.0
27,52,2,2,0,0,1,1.0
28,87,0,2,0,0,1,1.0
28,87,0,2,0,0,1,1.0
29,50,4,2,0,0,1,1.0
29,50,4,2,0,0,1,1.0
29,94,2,2,0,0,1,1.0
29,94,2,2,0,0,1,1.0
30,3,4,2,0,0,1,1.0
30,3,4,2,0,0,1,1.0
30,9,6,2,0,0,1,1.0
30,9,6,2,0,0,1,1.0
30,52,8,2,0,0,1,1.0
30,52,8,2,0,0,1,1.0
30,80,10,2,0,0,1,1.0
30,80,10,2,0,0,1,1.0
31,5,0,2,0,0,1,1.0
31,5,0,2,0,0,1,1.0
31,15,2,2,0,0,1,1.0
31,15,2,2,0,0,1,1.0
31,41,4,2,0,0,1,1.0
31,41,4,2,0,0,1,1.0
32,8,4,2,0,0,1,1.0
32,8,4,2,0,0,1,1.0
32,82,6,2,0,0,1,1.0
32,82,6,2,0,0,1,1.0
33,15,4,2,0,0,1,1.0
33,15,4,2,0,0,1,1.0
33,44,0,2,0,0,1,1.0
33,44,0,2,0,0,1,1.0
34,6,6,2,0,0,1,1.0
34,6,6,2,0,0,1,1.0
34,60,2,2,0,0,1,1.0
34,60,2,2,0,0,1,1.0
34,79,0,2,0,0,1,1.0
34,79,0,2,0,0,1,1.0
34,80,4,2,0,0,1,1.0
34,80,4,2,0,0,1,1.0
34,84,8,2,0,0,1,1.0
34,84,8,2,0,0,1,1.0
36,20,6,2,0,0,1,1.0
36,20,6,2,0,0,1,1.0
36,40,0,2,0,0,1,1.0
36,40,0,2,0,0,1,1.0
36,64,2,2,0,0,1,1.0
36,64,2,2,0,0,1,1.0
37,33,2,2,0,0,1,1.0
37,33,2,2,0,0,1,1.0
37,38,0,2,0,0,1,1.0
37,38,0,2,0,0,1,1.0
38,0,10,2,0,0,1,1.0
38,0,10,2,0,0,1,1.0
39,37,6,2,0,0,1,1.0
39,37,6,2,0,0,1,1.0
39,89,2,2,0,0,1,1.0
39,89,2,2,0,0,1,1.0
40,58,2,2,0,0,1,1.0
40,58,2,2,0,0,1,1.0
40,79,6,2,0,0,1,1.0
40,79,6,2,0,0,1,1.0
41,72,0,2,0,0,1,1.0
41,72,0,2,0,0,1,1.0
42,4,6,2,0,0,1,1.0
42,4,6,2,0,0,1,1.0
42,40,4,2,0,0,1,1.0
42,40,4,2,0,0,1,1.0
42,44,2,2,0,0,1,1.0
42,44,2,2,0,0,1,1.0
42,78,8,2,0,0,1,1.0
42,78,8,2,0,0,1,1.0
44,3,6,2,0,0,1,1.0
44,3,6,2,0,0,1,1.0
44,10,4,2,0,0,1,1.0
44,10,4,2,0,0,1,1.0
44,28,8,2,0,0,1,1.0
44,28,8,2,0,0,1,1.0
44,79,10,2,0,0,1,1.0
44,79,10,2,0,0,1,1.0
45,6,8,2,0,0,1,1.0
45,6,8,2,0,0,1,1.0
45,43,0,2,0,0,1,1.0
45,43,0,2,0,0,1,1.0
45,64,4,2,0,0,1,1.0
45,64,4,2,0,0,1,1.0
45,76,2,2,0,0,1,1.0
45,76,2,2,0,0,1,1.0
48,30,12,2,0,0,1,1.0
48,30,12,2,0,0,1,1.0
48,46,4,2,0,0,1,1.0
48,46,4,2,0,0,1,1.0
48,76,0,2,0,0,1,1.0
48,76,0,2,0,0,1,1.0
49,13,4,2,0,0,1,1.0
49,13,4,2,0,0,1,1.0
49,55,6,2,0,0,1,1.0
49,55,6,2,0,0,1,1.0
49,59,8,2,0,0,1,1.0
49,59,8,2,0,0,1,1.0
50,75,6,2,0,0,1,1.0
50,75,6,2,0,0,1,1.0
50,92,8,2,0,0,1,1.0
50,92,8,2,0,0,1,1.0
51,18,8,2,0,0,1,1.0
51,18,8,2,0,0,1,1.0
52,14,4,2,0,0,1,1.0
52,14,4,2,0,0,1,1.0
52,34,10,2,0,0,1,1.0
52,34,10,2,0,0,1,1.0
52,96,0,2,0,0,1,1.0
52,96,0,2,0,0,1,1.0
53,73,0,2,0,0,1,1.0
53,73,0,2,0,0,1,1.0
55,92,0,2,0,0,1,1.0
55,92,0,2,0,0,1,1.0
56,18,4,2,0,0,1,1.0
56,18,4,2,0,0,1,1.0
56,25,2,2,0,0,1,1.0
56,25,2,2,0,0,1,1.0
57,80,0,2,0,0,1,1.0
57,80,0,2,0,0,1,1.0
57,89,4,2,0,0,1,1.0
57,89,4,2,0,0,1,1.0
58,95,4,2,0,0,1,1.0
58,95,4,2,0,0,1,1.0
58,99,0,2,0,0,1,1.0
58,99,0,2,0,0,1,1.0
59,63,0,2,0,0,1,1.0
59,63,0,2,0,0,1,1.0
60,87,4,2,0,0,1,1.0
60,87,4,2,0,0,1,1.0
61,12,0,2,0,0,1,1.0
61,12,0,2,0,0,1,1.0
63,4,8,2,0,0,1,1.0
63,4,8,2,0,0,1,1.0
63,42,10,2,0,0,1,1.0
63,42,10,2,0,0,1,1.0
64,6,10,2,0,0,1,1.0
64,6,10,2,0,0,1,1.0
64,44,12,2,0,0,1,1.0
64,44,12,2,0,0,1,1.0
64,60,6,2,0,0,1,1.0
64,60,6,2,0,0,1,1.0
64,87,8,2,0,0,1,1.0
64,87,8,2,0,0,1,1.0
65,4,10,2,0,0,1,1.0
65,4,10,2,0,0,1,1.0
65,12,2,2,0,0,1,1.0
65,12,2,2,0,0,1,1.0
65,28,4,2,0,0,1,1.0
65,28,4,2,0,0,1,1.0
66,2,6,2,0,0,1,1.0
66,2,6,2,0,0,1,1.0
66,98,0,2,0,0,1,1.0
66,98,0,2,0,0,1,1.0
68,20,8,2,0,0,1,1.0
68,20,8,2,0,0,1,1.0
68,23,10,2,0,0,1,1.0
68,23,10,2,0,0,1,1.0
68,24,2,2,0,0,1,1.0
68,24,2,2,0,0,1,1.0
68,56,6,2,0,0,1,1.0
68,56,6,2,0,0,1,1.0
68,76,4,2,0,0,1,1.0
68,76,4,2,0,0,1,1.0
70,25,0,2,0,0,1,1.0
70,25,0,2,0,0,1,1.0
71,15,6,2,0,0,1,1.0
71,15,6,2,0,0,1,1.0
71,20,10,2,0,0,1,1.0
71,20,10,2,0,0,1,1.0
71,22,12,2,0,0,1,1.0
71,22,12,2,0,0,1,1.0
71,83,8,2,0,0,1,1.0
71,83,8,2,0,0,1,1.0
72,20,12,2,0,0,1,1.0
72,20,12,2,0,0,1,1.0
74,88,2,2,0,0,1,1.0
74,88,2,2,0,0,1,1.0
74,92,4,2,0,0,1,1.0
74,92,4,2,0,0,1,1.0
75,19,8,2,0,0,1,1.0
75,19,8,2,0,0,1,1.0
75,61,10,2,0,0,1,1.0
75,61,10,2,0,0,1,1.0
76,2,8,2,0,0,1,1.0
76,2,8,2,0,0,1,1.0
76,28,6,2,0,0,1,1.0
76,28,6,2,0,0,1,1.0
76,58,10,2,0,0,1,1.0
76,58,10,2,0,0,1,1.0
78,69,0,2,0,0,1,1.0
78,69,0,2,0,0,1,1.0
79,49,12,2,0,0,1,1.0
79,49,12,2,0,0,1,1.0
79,87,14,2,0,0,1,1.0
79,87,14,2,0,0,1,1.0
80,33,6,2,0,0,1,1.0
80,33,6,2,0,0,1,1.0
81,1,0,2,0,0,1,1.0
81,1,0,2,0,0,1,1.0
81,16,10,2,0,0,1,1.0
81,16,10,2,0,0,1,1.0
81,33,8,2,0,0,1,1.0
81,33,8,2,0,0,1,1.0
81,56,12,2,0,0,1,1.0
81,56,12,2,0,0,1,1.0
81,71,2,2,0,0,1,1.0
81,71,2,2,0,0,1,1.0
81,97,4,2,0,0,1,1.0
81,97,4,2,0,0,1,1.0
82,49,10,2,0,0,1,1.0
82,49,10,2,0,0,1,1.0
83,46,6,2,0,0,1,1.0
83,46,6,2,0,0,1,1.0
84,34,12,2,0,0,1,1.0
84,34,12,2,0,0,1,1.0
84,45,6,2,0,0,1,1.0
84,45,6,2,0,0,1,1.0
84,75,0,2,0,0,1,1.0
84,75,0,2,0,0,1,1.0
84,79,16,2,0,0,1,1.0
84,79,16,2,0,0,1,1.0
86,38,4,2,0,0,1,1.0
86,38,4,2,0,0,1,1.0
86,53,2,2,0,0,1,1.0
86,53,2,2,0,0,1,1.0
87,12,6,2,0,0,1,1.0
87,12,6,2,0,0,1,1.0
87,27,10,2,0,0,1,1.0
87,27,10,2,0,0,1,1.0
87,39,12,2,0,0,1,1.0
87,39,12,2,0,0,1,1.0
87,79,18,2,0,0,1,1.0
87,79,18,2,0,0,1,1.0
87,82,2,2,0,0,1,1.0
87,82,2,2,0,0,1,1.0
89,0,12,2,0,0,1,1.0
89,0,12,2,0,0,1,1.0
89,49,14,2,0,0,1,1.0
89,49,14,2,0,0,1,1.0
89,59,6,2,0,0,1,1.0
89,59,6,2,0,0,1,1.0
89,68,0,2,0,0,1,1.0
89,68,0,2,0,0,1,1.0
89,92,10,2,0,0,1,1.0
89,92,10,2,0,0,1,1.0
90,41,6,2,0,0,1,1.0
90,41,6,2,0,0,1,1.0
91,53,6,2,0,0,1,1.0
91,53,6,2,0,0,1,1.0
91,69,8,2,0,0,1,1.0
91,69,8,2,0,0,1,1.0
91,82,0,2,0,0,1,1.0
91,82,0,2,0,0,1,1.0
93,17,6,2,0,0,1,1.0
93,17,6,2,0,0,1,1.0
94,39,8,2,0,0,1,1.0
94,39,8,2,0,0,1,1.0
95,18,6,2,0,0,1,1.0
95,18,6,2,0,0,1,1.0
96,9,2,2,0,0,1,1.0
96,9,2,2,0,0,1,1.0
96,88,4,2,0,0,1,1.0
96,88,4,2,0,0,1,1.0
96,92,6,2,0,0,1,1.0
96,92,6,2,0,0,1,1.0
97,54,0,2,0,0,1,1.0
97,54,0,2,0,0,1,1.0
97,59,2,2,0,0,1,1.0
97,59,2,2,0,0,1,1.0
97,85,8,2,0,0,1,1.0
97,85,8,2,0,0,1,1.0
98,72,2,2,0,0,1,1.0
98,72,2,2,0,0,1,1.0
13,40,8,2,0,0,1,10.0
13,40,8,2,0,0,1,10.0
16,90,12,2,0,0,1,10.0
16,90,12,2,0,0,1,10.0
19,89,16,2,0,0,1,10.0
19,89,16,2,0,0,1,10.0
21,34,14,2,0,0,1,10.0
21,34,14,2,0,0,1,10.0
32,7,8,2,0,0,1,10.0
32,7,8,2,0,0,1,10.0
60,97,10,2,0,0,1,10.0
60,97,10,2,0,0,1,10.0
64,51,0,2,0,0,1,10.0
64,51,0,2,0,0,1,10.0
66,38,8,2,0,0,1,10.0
66,38,8,2,0,0,1,10.0
75,24,12,2,0,0,1,10.0
75,24,12,2,0,0,1,10.0
81,55,14,2,0,0,1,10.0
81,55,14,2,0,0,1,10.0
0,88,14,5,0,0,1,100.0
0,88,14,5,0,0,1,100.0
1,5,2,5,0,0,1,100.0
1,5,2,5,0,0,1,100.0
2,8,10,5,0,0,1,100.0
2,8,10,5,0,0,1,100.0
3,18,10,5,0,0,1,100.0
3,18,10,5,0,0,1,100.0
3,91,15,5,0,0,1,100.0
3,91,15,5,0,0,1,100.0
4,14,12,5,0,0,1,100.0
4,14,12,5,0,0,1,100.0
4,35,17,5,0,0,1,100.0
4,35,17,5,0,0,1,100.0
5,10,7,5,0,0,1,100.0
5,10,7,5,0,0,1,100.0
5,16,14,5,0,0,1,100.0
5,16,14,5,0,0,1,100.0
6,10,12,5,0,0,1,100.0
6,10,12,5,0,0,1,100.0
6,26,17,5,0,0,1,100.0
6,26,17,5,0,0,1,100.0
6,33,22,5,0,0,1,100.0
6,33,22,5,0,0,1,100.0
6,97,27,5,0,0,1,100.0
6,97,27,5,0,0,1,100.0
7,10,17,5,0,0,1,100.0
7,10,17,5,0,0,1,100.0
7,65,12,5,0,0,1,100.0
7,65,12,5,0,0,1,100.0
7,67,22,5,0,0,1,100.0
7,67,22,5,0,0,1,100.0
9,29,8,5,0,0,1,100.0
9,29,8,5,0,0,1,100.0
10,90,22,5,0,0,1,100.0
10,90,22,5,0,0,1,100.0
11,33,10,5,0,0,1,100.0
11,33,10,5,0,0,1,100.0
13,25,10,5,0,0,1,100.0
13,25,10,5,0,0,1,100.0
13,68,15,5,0,0,1,100.0
13,68,15,5,0,0,1,100.0
15,94,10,5,0,0,1,100.0
15,94,10,5,0,0,1,100.0
15,95,15,5,0,0,1,100.0
15,95,15,5,0,0,1,100.0
17,2,15,5,0,0,1,100.0
17,2,15,5,0,0,1,100.0
17,81,20,5,0,0,1,100.0
17,81,20,5,0,0,1,100.0
18,20,15,5,0,0,1,100.0
18,20,15,5,0,0,1,100.0
18,96,20,5,0,0,1,100.0
18,96,20,5,0,0,1,100.0
19,33,27,5,0,0,1,100.0
19,33,27,5,0,0,1,100.0
19,38,18,5,0,0,1,100.0
19,38,18,5,0,0,1,100.0
19,88,32,5,0,0,1,100.0
19,88,32,5,0,0,1,100.0
19,98,10,5,0,0,1,100.0
19,98,10,5,0,0,1,100.0
20,7,27,5,0,0,1,100.0
20,7,27,5,0,0,1,100.0
20,13,20,5,0,0,1,100.0
20,13,20,5,0,0,1,100.0
20,54,32,5,0,0,1,100.0
20,54,32,5,0,0,1,100.0
21,62,4,5,0,0,1,100.0
21,62,4,5,0,0,1,100.0
21,96,25,5,0,0,1,100.0
21,96,25,5,0,0,1,100.0
22,80,14,5,0,0,1,100.0
22,80,14,5,0,0,1,100.0
23,94,15,5,0,0,1,100.0
23,94,15,5,0,0,1,100.0
24,11,15,5,0,0,1,100.0
24,11,15,5,0,0,1,100.0
26,3,22,5,0,0,1,100.0
26,3,22,5,0,0,1,100.0
26,44,27,5,0,0,1,100.0
26,44,27,5,0,0,1,100.0
26,96,10,5,0,0,1,100.0
26,96,10,5,0,0,1,100.0
27,10,27,5,0,0,1,100.0
27,10,27,5,0,0,1,100.0
28,15,20,5,0,0,1,100.0
28,15,20,5,0,0,1,100.0
28,65,25,5,0,0,1,100.0
28,65,25,5,0,0,1,100.0
29,3,27,5,0,0,1,100.0
29,3,27,5,0,0,1,100.0
30,22,19,5,0,0,1,100.0
30,22,19,5,0,0,1,100.0
30,39,14,5,0,0,1,100.0
30,39,14,5,0,0,1,100.0
30,60,24,5,0,0,1,100.0
30,60,24,5,0,0,1,100.0
31,24,6,5,0,0,1,100.0
31,24,6,5,0,0,1,100.0
32,15,25,5,0,0,1,100.0
32,15,25,5,0,0,1,100.0
32,54,10,5,0,0,1,100.0
32,54,10,5,0,0,1,100.0
33,39,32,5,0,0,1,100.0
33,39,32,5,0,0,1,100.0
33,67,15,5,0,0,1,100.0
33,67,15,5,0,0,1,100.0
34,29,16,5,0,0,1,100.0
34,29,16,5,0,0,1,100.0
34,58,21,5,0,0,1,100.0
34,58,21,5,0,0,1,100.0
34,86,26,5,0,0,1,100.0
34,86,26,5,0,0,1,100.0
34,89,31,5,0,0,1,100.0
34,89,31,5,0,0,1,100.0
35,6,32,5,0,0,1,100.0
35,6,32,5,0,0,1,100.0
38,39,23,5,0,0,1,100.0
38,39,23,5,0,0,1,100.0
38,40,12,5,0,0,1,100.0
38,40,12,5,0,0,1,100.0
39,64,37,5,0,0,1,100.0
39,64,37,5,0,0,1,100.0
39,73,42,5,0,0,1,100.0
39,73,42,5,0,0,1,100.0
39,74,47,5,0,0,1,100.0
39,74,47,5,0,0,1,100.0
40,12,17,5,0,0,1,100.0
40,12,17,5,0,0,1,100.0
40,15,30,5,0,0,1,100.0
40,15,30,5,0,0,1,100.0
40,23,22,5,0,0,1,100.0
40,23,22,5,0,0,1,100.0
40,72,35,5,0,0,1,100.0
40,72,35,5,0,0,1,100.0
41,6,37,5,0,0,1,100.0
41,6,37,5,0,0,1,100.0
44,23,32,5,0,0,1,100.0
44,23,32,5,0,0,1,100.0
44,64,14,5,0,0,1,100.0
44,64,14,5,0,0,1,100.0
45,71,14,5,0,0,1,100.0
45,71,14,5,0,0,1,100.0
45,88,19,5,0,0,1,100.0
45,88,19,5,0,0,1,100.0
46,52,12,5,0,0,1,100.0
46,52,12,5,0,0,1,100.0
46,92,17,5,0,0,1,100.0
46,92,17,5,0,0,1,100.0
47,1,7,5,0,0,1,100.0
47,1,7,5,0,0,1,100.0
47,97,12,5,0,0,1,100.0
47,97,12,5,0,0,1,100.0
48,63,14,5,0,0,1,100.0
48,63,14,5,0,0,1,100.0
49,4,22,5,0,0,1,100.0
49,4,22,5,0,0,1,100.0
49,75,16,5,0,0,1,100.0
49,75,16,5,0,0,1,100.0
49,95,27,5,0,0,1,100.0
49,95,27,5,0,0,1,100.0
50,88,24,5,0,0,1,100.0
50,88,24,5,0,0,1,100.0
53,39,52,5,0,0,1,100.0
53,39,52,5,0,0,1,100.0
53,95,8,5,0,0,1,100.0
53,95,8,5,0,0,1,100.0
54,9,15,5,0,0,1,100.0
54,9,15,5,0,0,1,100.0
54,19,37,5,0,0,1,100.0
54,19,37,5,0,0,1,100.0
54,89,20,5,0,0,1,100.0
54,89,20,5,0,0,1,100.0
56,32,15,5,0,0,1,100.0
56,32,15,5,0,0,1,100.0
56,66,20,5,0,0,1,100.0
56,66,20,5,0,0,1,100.0
57,60,12,5,0,0,1,100.0
57,60,12,5,0,0,1,100.0
58,39,57,5,0,0,1,100.0
58,39,57,5,0,0,1,100.0
59,30,29,5,0,0,1,100.0
59,30,29,5,0,0,1,100.0
60,71,19,5,0,0,1,100.0
60,71,19,5,0,0,1,100.0
63,12,22,5,0,0,1,100.0
63,12,22,5,0,0,1,100.0
63,25,27,5,0,0,1,100.0
63,25,27,5,0,0,1,100.0
63,60,32,5,0,0,1,100.0
63,60,32,5,0,0,1,100.0
63,68,37,5,0,0,1,100.0
63,68,37,5,0,0,1,100.0
64,27,19,5,0,0,1,100.0
64,27,19,5,0,0,1,100.0
64,37,24,5,0,0,1,100.0
64,37,24,5,0,0,1,100.0
64,59,42,5,0,0,1,100.0
64,59,42,5,0,0,1,100.0
64,84,29,5,0,0,1,100.0
64,84,29,5,0,0,1,100.0
65,2,20,5,0,0,1,100.0
65,2,20,5,0,0,1,100.0
65,11,30,5,0,0,1,100.0
65,11,30,5,0,0,1,100.0
65,39,62,5,0,0,1,100.0
65,39,62,5,0,0,1,100.0
66,19,42,5,0,0,1,100.0
66,19,42,5,0,0,1,100.0
66,63,47,5,0,0,1,100.0
66,63,47,5,0,0,1,100.0
67,51,10,5,0,0,1,100.0
67,51,10,5,0,0,1,100.0
68,30,42,5,0,0,1,100.0
68,30,42,5,0,0,1,100.0
68,36,20,5,0,0,1,100.0
68,36,20,5,0,0,1,100.0
68,37,29,5,0,0,1,100.0
68,37,29,5,0,0,1,100.0
69,46,22,5,0,0,1,100.0
69,46,22,5,0,0,1,100.0
70,78,2,5,0,0,1,100.0
70,78,2,5,0,0,1,100.0
72,5,19,5,0,0,1,100.0
72,5,19,5,0,0,1,100.0
73,85,10,5,0,0,1,100.0
73,85,10,5,0,0,1,100.0
74,14,17,5,0,0,1,100.0
74,14,17,5,0,0,1,100.0
74,20,37,5,0,0,1,100.0
74,20,37,5,0,0,1,100.0
74,22,24,5,0,0,1,100.0
74,22,24,5,0,0,1,100.0
76,49,32,5,0,0,1,100.0
76,49,32,5,0,0,1,100.0
77,61,4,5,0,0,1,100.0
77,61,4,5,0,0,1,100.0
77,63,42,5,0,0,1,100.0
77,63,42,5,0,0,1,100.0
77,87,20,5,0,0,1,100.0
77,87,20,5,0,0,1,100.0
78,3,32,5,0,0,1,100.0
78,3,32,5,0,0,1,100.0
78,60,37,5,0,0,1,100.0
78,60,37,5,0,0,1,100.0
79,15,35,5,0,0,1,100.0
79,15,35,5,0,0,1,100.0
79,67,27,5,0,0,1,100.0
79,67,27,5,0,0,1,100.0
80,30,34,5,0,0,1,100.0
80,30,34,5,0,0,1,100.0
80,35,22,5,0,0,1,100.0
80,35,22,5,0,0,1,100.0
80,43,27,5,0,0,1,100.0
80,43,27,5,0,0,1,100.0
80,67,39,5,0,0,1,100.0
80,67,39,5,0,0,1,100.0
80,89,44,5,0,0,1,100.0
80,89,44,5,0,0,1,100.0
81,44,37,5,0,0,1,100.0
81,44,37,5,0,0,1,100.0
81,73,25,5,0,0,1,100.0
81,73,25,5,0,0,1,100.0
82,56,25,5,0,0,1,100.0
82,56,25,5,0,0,1,100.0
83,11,20,5,0,0,1,100.0
83,11,20,5,0,0,1,100.0
83,43,10,5,0,0,1,100.0
83,43,10,5,0,0,1,100.0
84,32,20,5,0,0,1,100.0
84,32,20,5,0,0,1,100.0
84,98,34,5,0,0,1,100.0
84,98,34,5,0,0,1,100.0
84,99,39,5,0,0,1,100.0
84,99,39,5,0,0,1,100.0
86,94,20,5,0,0,1,100.0
86,94,20,5,0,0,1,100.0
87,76,25,5,0,0,1,100.0
87,76,25,5,0,0,1,100.0
88,48,37,5,0,0,1,100.0
88,48,37,5,0,0,1,100.0
89,1,25,5,0,0,1,100.0
89,1,25,5,0,0,1,100.0
89,20,49,5,0,0,1,100.0
89,20,49,5,0,0,1,100.0
89,83,36,5,0,0,1,100.0
89,83,36,5,0,0,1,100.0
91,30,47,5,0,0,1,100.0
91,30,47,5,0,0,1,100.0
92,36,12,5,0,0,1,100.0
92,36,12,5,0,0,1,100.0
93,6,42,5,0,0,1,100.0
93,6,42,5,0,0,1,100.0
93,52,17,5,0,0,1,100.0
93,52,17,5,0,0,1,100.0
94,37,34,5,0,0,1,100.0
94,37,34,5,0,0,1,100.0
95,92,22,5,0,0,1,100.0
95,92,22,5,0,0,1,100.0
97,51,17,5,0,0,1,100.0
97,51,17,5,0,0,1,100.0
97,84,44,5,0,0,1,100.0
97,84,44,5,0,0,1,100.0
97,88,49,5,0,0,1,100.0
97,88,49,5,0,0,1,100.0
98,0,19,5,0,0,1,100.0
98,0,19,5,0,0,1,100.0
98,2,25,5,0,0,1,100.0
98,2,25,5,0,0,1,100.0
98,81,42,5,0,0,1,100.0
98,81,42,5,0,0,1,100.0
0,14,24,9,0,0,1,200.0
0,14,24,9,0,0,1,200.0
0,33,37,9,0,0,1,200.0
0,33,37,9,0,0,1,200.0
0,37,46,9,0,0,1,200.0
0,37,46,9,0,0,1,200.0
0,42,55,9,0,0,1,200.0
0,42,55,9,0,0,1,200.0
0,83,64,9,0,0,1,200.0
0,83,64,9,0,0,1,200.0
1,11,35,9,0,0,1,200.0
1,11,35,9,0,0,1,200.0
1,45,44,9,0,0,1,200.0
1,45,44,9,0,0,1,200.0
2,37,55,9,0,0,1,200.0
2,37,55,9,0,0,1,200.0
2,57,30,9,0,0,1,200.0
2,57,30,9,0,0,1,200.0
2,60,42,9,0,0,1,200.0
2,60,42,9,0,0,1,200.0
4,8,27,9,0,0,1,200.0
4,8,27,9,0,0,1,200.0
5,45,24,9,0,0,1,200.0
5,45,24,9,0,0,1,200.0
6,47,47,9,0,0,1,200.0
6,47,47,9,0,0,1,200.0
6,81,56,9,0,0,1,200.0
6,81,56,9,0,0,1,200.0
6,95,65,9,0,0,1,200.0
6,95,65,9,0,0,1,200.0
7,20,54,9,0,0,1,200.0
7,20,54,9,0,0,1,200.0
7,41,42,9,0,0,1,200.0
7,41,42,9,0,0,1,200.0
8,42,15,9,0,0,1,200.0
8,42,15,9,0,0,1,200.0
8,70,36,9,0,0,1,200.0
8,70,36,9,0,0,1,200.0
8,86,45,9,0,0,1,200.0
8,86,45,9,0,0,1,200.0
8,98,54,9,0,0,1,200.0
8,98,54,9,0,0,1,200.0
9,52,22,9,0,0,1,200.0
9,52,22,9,0,0,1,200.0
10,31,32,9,0,0,1,200.0
10,31,32,9,0,0,1,200.0
11,94,44,9,0,0,1,200.0
11,94,44,9,0,0,1,200.0
12,63,52,9,0,0,1,200.0
12,63,52,9,0,0,1,200.0
12,79,40,9,0,0,1,200.0
12,79,40,9,0,0,1,200.0
12,87,30,9,0,0,1,200.0
12,87,30,9,0,0,1,200.0
14,29,33,9,0,0,1,200.0
14,29,33,9,0,0,1,200.0
14,63,61,9,0,0,1,200.0
14,63,61,9,0,0,1,200.0
14,87,42,9,0,0,1,200.0
14,87,42,9,0,0,1,200.0
15,55,40,9,0,0,1,200.0
15,55,40,9,0,0,1,200.0
15,64,49,9,0,0,1,200.0
15,64,49,9,0,0,1,200.0
15,66,58,9,0,0,1,200.0
15,66,58,9,0,0,1,200.0
16,7,32,9,0,0,1,200.0
16,7,32,9,0,0,1,200.0
16,15,67,9,0,0,1,200.0
16,15,67,9,0,0,1,200.0
17,6,25,9,0,1,1,200.0
17,6,25,9,0,1,1,200.0
17,11,53,9,0,0,1,200.0
17,11,53,9,0,0,1,200.0
18,16,41,9,0,0,1,200.0
18,16,41,9,0,0,1,200.0
18,68,50,9,0,0,1,200.0
18,68,50,9,0,0,1,200.0
19,5,47,9,0,0,1,200.0
19,5,47,9,0,0,1,200.0
19,34,56,9,0,0,1,200.0
19,34,56,9,0,0,1,200.0
19,61,65,9,0,0,1,200.0
19,61,65,9,0,0,1,200.0
20,2,64,9,0,0,1,200.0
20,2,64,9,0,0,1,200.0
20,41,8,9,1,0,1,200.0
20,41,8,9,1,0,1,200.0
20,51,22,9,1,0,1,200.0
20,51,22,9,1,0,1,200.0
20,91,31,9,1,0,1,200.0
20,91,31,9,1,0,1,200.0
21,58,30,9,0,0,1,200.0
21,58,30,9,0,0,1,200.0
22,8,63,9,0,0,1,200.0
22,8,63,9,0,0,1,200.0
22,16,50,9,0,0,1,200.0
22,16,50,9,0,0,1,200.0
22,60,29,9,0,1,1,200.0
22,60,29,9,0,1,1,200.0
22,66,38,9,0,1,1,200.0
22,66,38,9,0,1,1,200.0
22,70,7,9,1,0,1,200.0
22,70,7,9,1,0,1,200.0
22,78,16,9,1,0,1,200.0
22,78,16,9,1,0,1,200.0
22,98,63,9,1,0,1,200.0
22,98,63,9,1,0,1,200.0
23,14,51,9,0,0,1,200.0
23,14,51,9,0,0,1,200.0
24,85,20,9,0,0,1,200.0
24,85,20,9,0,0,1,200.0
26,35,37,9,0,0,1,200.0
26,35,37,9,0,0,1,200.0
27,1,53,9,0,0,1,200.0
27,1,53,9,0,0,1,200.0
27,12,62,9,0,0,1,200.0
27,12,62,9,0,0,1,200.0
28,18,30,9,0,0,1,200.0
28,18,30,9,0,0,1,200.0
29,57,42,9,0,0,1,200.0
29,57,42,9,0,0,1,200.0
30,4,52,9,0,0,1,200.0
30,4,52,9,0,0,1,200.0
31,67,44,9,0,0,1,200.0
31,67,44,9,0,0,1,200.0
31,78,53,9,0,0,1,200.0
31,78,53,9,0,0,1,200.0
31,97,62,9,0,0,1,200.0
31,97,62,9,0,0,1,200.0
32,72,40,9,0,0,1,200.0
32,72,40,9,0,0,1,200.0
33,49,46,9,0,0,1,200.0
33,49,46,9,0,0,1,200.0
33,72,55,9,0,0,1,200.0
33,72,55,9,0,0,1,200.0
33,79,64,9,0,0,1,200.0
33,79,64,9,0,0,1,200.0
34,2,36,9,0,1,1,200.0
34,2,36,9,0,1,1,200.0
34,13,45,9,0,0,1,200.0
34,13,45,9,0,0,1,200.0
34,28,65,9,0,0,1,200.0
34,28,65,9,0,0,1,200.0
34,61,12,9,1,0,1,200.0
34,61,12,9,1,0,1,200.0
36,78,42,9,0,0,1,200.0
36,78,42,9,0,0,1,200.0
37,73,15,9,0,0,1,200.0
37,73,15,9,0,0,1,200.0
39,23,67,9,0,0,1,200.0
39,23,67,9,0,0,1,200.0
39,24,29,9,1,0,1,200.0
39,24,29,9,1,0,1,200.0
39,80,49,9,1,0,1,200.0
39,80,49,9,1,0,1,200.0
39,96,38,9,1,0,1,200.0
39,96,38,9,1,0,1,200.0
39,97,71,9,1,0,1,200.0
39,97,71,9,1,0,1,200.0
40,0,40,9,0,1,1,200.0
40,0,40,9,0,1,1,200.0
40,63,70,9,0,0,1,200.0
40,63,70,9,0,0,1,200.0
40,70,49,9,0,0,1,200.0
40,70,49,9,0,0,1,200.0
40,88,58,9,0,0,1,200.0
40,88,58,9,0,0,1,200.0
41,40,17,9,0,1,1,200.0
41,40,17,9,0,1,1,200.0
41,88,67,9,0,0,1,200.0
41,88,67,9,0,0,1,200.0
42,82,30,9,0,0,1,200.0
42,82,30,9,0,0,1,200.0
44,50,42,9,0,0,1,200.0
44,50,42,9,0,0,1,200.0
44,52,51,9,0,0,1,200.0
44,52,51,9,0,0,1,200.0
44,62,60,9,0,0,1,200.0
44,62,60,9,0,0,1,200.0
44,81,69,9,0,0,1,200.0
44,81,69,9,0,0,1,200.0
44,86,6,9,1,0,1,200.0
44,86,6,9,1,0,1,200.0
45,91,53,9,0,0,1,200.0
45,91,53,9,0,0,1,200.0
46,83,27,9,0,0,1,200.0
46,83,27,9,0,0,1,200.0
47,22,25,9,0,1,1,200.0
47,22,25,9,0,1,1,200.0
47,73,56,9,0,0,1,200.0
47,73,56,9,0,0,1,200.0
48,59,19,9,0,0,1,200.0
48,59,19,9,0,0,1,200.0
48,89,54,9,0,0,1,200.0
48,89,54,9,0,0,1,200.0
48,90,28,9,0,0,1,200.0
48,90,28,9,0,0,1,200.0
48,98,42,9,0,1,1,200.0
48,98,42,9,0,1,1,200.0
49,51,37,9,0,0,1,200.0
49,51,37,9,0,0,1,200.0
50,9,31,9,0,0,1,200.0
50,9,31,9,0,0,1,200.0
50,86,54,9,0,0,1,200.0
50,86,54,9,0,0,1,200.0
51,48,63,9,0,0,1,200.0
51,48,63,9,0,0,1,200.0
52,69,31,9,0,0,1,200.0
52,69,31,9,0,0,1,200.0
53,35,57,9,0,0,1,200.0
53,35,57,9,0,0,1,200.0
53,36,25,9,0,0,1,200.0
53,36,25,9,0,0,1,200.0
53,86,34,9,0,0,1,200.0
53,86,34,9,0,0,1,200.0
53,89,66,9,0,0,1,200.0
53,89,66,9,0,0,1,200.0
53,97,13,9,0,1,1,200.0
53,97,13,9,0,1,1,200.0
54,4,42,9,0,0,1,200.0
54,4,42,9,0,0,1,200.0
54,28,51,9,0,0,1,200.0
54,28,51,9,0,0,1,200.0
55,38,28,9,0,0,1,200.0
55,38,28,9,0,0,1,200.0
55,78,62,9,0,0,1,200.0
55,78,62,9,0,0,1,200.0
56,12,71,9,0,0,1,200.0
56,12,71,9,0,0,1,200.0
56,43,32,9,0,0,1,200.0
56,43,32,9,0,0,1,200.0
56,73,47,9,0,0,1,200.0
56,73,47,9,0,0,1,200.0
57,9,51,9,0,0,1,200.0
57,9,51,9,0,0,1,200.0
57,42,64,9,0,0,1,200.0
57,42,64,9,0,0,1,200.0
57,44,17,9,0,1,1,200.0
57,44,17,9,0,1,1,200.0
57,65,35,9,1,0,1,200.0
57,65,35,9,1,0,1,200.0
57,94,25,9,1,0,1,200.0
57,94,25,9,1,0,1,200.0
57,95,44,9,1,0,1,200.0
57,95,44,9,1,0,1,200.0
58,43,41,9,0,0,1,200.0
58,43,41,9,0,0,1,200.0
58,64,62,9,0,0,1,200.0
58,64,62,9,0,0,1,200.0
61,56,56,9,0,0,1,200.0
61,56,56,9,0,0,1,200.0
62,83,41,9,0,0,1,200.0
62,83,41,9,0,0,1,200.0
63,6,0,9,1,1,1,200.0
63,6,0,9,1,1,1,200.0
63,52,40,9,1,0,1,200.0
63,52,40,9,1,0,1,200.0
63,72,24,9,1,0,1,200.0
63,72,24,9,1,0,1,200.0
63,88,9,9,1,1,1,200.0
63,88,9,9,1,1,1,200.0
63,97,49,9,1,1,1,200.0
63,97,49,9,1,1,1,200.0
64,40,71,9,0,1,1,200.0
64,40,71,9,0,1,1,200.0
65,17,44,9,0,0,1,200.0
65,17,44,9,0,0,1,200.0
65,20,53,9,0,1,1,200.0
65,20,53,9,0,1,1,200.0
65,90,67,9,0,0,1,200.0
65,90,67,9,0,0,1,200.0
66,37,67,9,0,0,1,200.0
66,37,67,9,0,0,1,200.0
66,50,10,9,0,0,1,200.0
66,50,10,9,0,0,1,200.0
67,38,53,9,0,0,1,200.0
67,38,53,9,0,0,1,200.0
67,53,62,9,0,1,1,200.0
67,53,62,9,0,1,1,200.0
68,39,59,9,0,1,1,200.0
68,39,59,9,0,1,1,200.0
68,91,68,9,0,0,1,200.0
68,91,68,9,0,0,1,200.0
70,61,21,9,0,0,1,200.0
70,61,21,9,0,0,1,200.0
72,2,64,9,0,1,1,200.0
72,2,64,9,0,1,1,200.0
72,54,60,9,1,0,1,200.0
72,54,60,9,1,0,1,200.0
73,40,30,9,0,1,1,200.0
73,40,30,9,0,1,1,200.0
73,54,69,9,0,0,1,200.0
73,54,69,9,0,0,1,200.0
73,88,0,9,1,1,1,200.0
73,88,0,9,1,1,1,200.0
73,96,47,9,1,0,1,200.0
73,96,47,9,1,0,1,200.0
74,11,62,9,0,0,1,200.0
74,11,62,9,0,0,1,200.0
74,47,71,9,0,0,1,200.0
74,47,71,9,0,0,1,200.0
76,14,70,9,0,0,1,200.0
76,14,70,9,0,0,1,200.0
76,19,12,9,0,1,1,200.0
76,19,12,9,0,1,1,200.0
76,36,51,9,0,0,1,200.0
76,36,51,9,0,0,1,200.0
78,44,71,9,0,1,1,200.0
78,44,71,9,0,1,1,200.0
78,93,8,9,1,0,1,200.0
78,93,8,9,1,0,1,200.0
78,96,56,9,1,0,1,200.0
78,96,56,9,1,0,1,200.0
79,11,49,9,0,1,1,200.0
79,11,49,9,0,1,1,200.0
79,68,0,9,1,1,1,200.0
79,68,0,9,1,1,1,200.0
79,84,49,9,1,0,1,200.0
79,84,49,9,1,0,1,200.0
79,98,9,9,1,1,1,200.0
79,98,9,9,1,1,1,200.0
80,34,58,9,0,1,1,200.0
80,34,58,9,0,1,1,200.0
80,39,67,9,0,2,1,200.0
80,39,67,9,0,2,1,200.0
81,19,47,9,0,1,1,200.0
81,19,47,9,0,1,1,200.0
81,70,58,9,1,0,1,200.0
81,70,58,9,1,0,1,200.0
83,96,50,9,0,1,1,200.0
83,96,50,9,0,1,1,200.0
84,60,58,9,0,0,1,200.0
84,60,58,9,0,0,1,200.0
85,48,29,9,0,1,1,200.0
85,48,29,9,0,1,1,200.0
85,63,58,9,0,1,1,200.0
85,63,58,9,0,1,1,200.0
85,68,38,9,0,1,1,200.0
85,68,38,9,0,1,1,200.0
85,78,47,9,0,1,1,200.0
85,78,47,9,0,1,1,200.0
87,7,63,9,0,0,1,200.0
87,7,63,9,0,0,1,200.0
87,26,51,9,0,0,1,200.0
87,26,51,9,0,0,1,200.0
87,50,63,9,1,0,1,200.0
87,50,63,9,1,0,1,200.0
88,5,33,9,1,0,1,200.0
88,5,33,9,1,0,1,200.0
88,60,67,9,1,0,1,200.0
88,60,67,9,1,0,1,200.0
88,64,18,9,1,1,1,200.0
88,64,18,9,1,1,1,200.0
89,12,8,9,1,0,1,200.0
89,12,8,9,1,0,1,200.0
89,32,30,9,1,0,1,200.0
89,32,30,9,1,0,1,200.0
89,75,21,9,1,0,1,200.0
89,75,21,9,1,0,1,200.0
90,29,51,9,0,0,1,200.0
90,29,51,9,0,0,1,200.0
90,49,37,9,0,1,1,200.0
90,49,37,9,0,1,1,200.0
90,69,10,9,1,0,1,200.0
90,69,10,9,1,0,1,200.0
91,14,20,9,0,1,1,200.0
91,14,20,9,0,1,1,200.0
91,58,12,9,1,0,1,200.0
91,58,12,9,1,0,1,200.0
91,62,21,9,1,0,1,200.0
91,62,21,9,1,0,1,200.0
91,77,30,9,1,0,1,200.0
91,77,30,9,1,0,1,200.0
91,83,0,9,1,1,1,200.0
91,83,0,9,1,1,1,200.0
92,46,36,9,0,0,1,200.0
92,46,36,9,0,0,1,200.0
94,45,62,9,0,0,1,200.0
94,45,62,9,0,0,1,200.0
95,85,32,9,0,1,1,200.0
95,85,32,9,0,1,1,200.0
96,4,65,9,0,0,1,200.0
96,4,65,9,0,0,1,200.0
96,49,59,9,1,0,1,200.0
96,49,59,9,1,0,1,200.0
96,90,0,9,1,1,1,200.0
96,90,0,9,1,1,1,200.0
97,4,32,9,0,1,1,200.0
97,4,32,9,0,1,1,200.0
97,49,68,9,1,0,1,200.0
97,49,68,9,1,0,1,200.0
98,6,51,9,1,1,1,200.0
98,6,51,9,1,1,1,200.0
98,41,26,9,1,0,1,200.0
98,41,26,9,1,0,1,200.0
98,96,68,9,1,1,1,200.0
98,96,68,9,1,1,1,200.0
0,73,9,17,1,1,1,400.0
0,73,9,17,1,1,1,400.0
1,68,62,17,0,1,1,400.0
1,68,62,17,0,1,1,400.0
2,17,0,17,1,1,1,400.0
2,17,0,17,1,1,1,400.0
2,18,17,17,1,1,1,400.0
2,18,17,17,1,1,1,400.0
2,21,45,17,1,0,1,400.0
2,21,45,17,1,0,1,400.0
2,32,49,17,2,0,1,400.0
2,32,49,17,2,0,1,400.0
2,36,0,17,2,1,1,400.0
2,36,0,17,2,1,1,400.0
2,44,26,17,2,1,1,400.0
2,44,26,17,2,1,1,400.0
2,67,73,7,0,0,3,400.0
2,67,73,7,0,0,3,400.0
3,37,37,17,0,1,1,400.0
3,37,37,17,0,1,1,400.0
4,21,62,17,1,0,1,400.0
4,21,62,17,1,0,1,400.0
4,47,0,17,1,1,1,400.0
4,47,0,17,1,1,1,400.0
4,53,41,17,1,1,1,400.0
4,53,41,17,1,1,1,400.0
4,73,26,17,2,1,1,400.0
4,73,26,17,2,1,1,400.0
5,55,56,17,0,1,1,400.0
5,55,56,17,0,1,1,400.0
5,80,0,17,1,1,1,400.0
5,80,0,17,1,1,1,400.0
5,85,41,17,1,1,1,400.0
5,85,41,17,1,1,1,400.0
5,94,17,17,1,1,1,400.0
5,94,17,17,1,1,1,400.0
6,5,60,17,1,1,1,400.0
6,5,60,17,1,1,1,400.0
6,74,34,17,1,1,1,400.0
6,74,34,17,1,1,1,400.0
6,75,30,17,2,0,1,400.0
6,75,30,17,2,0,1,400.0
6,92,47,17,2,0,1,400.0
6,92,47,17,2,0,1,400.0
7,11,0,17,1,1,1,400.0
7,11,0,17,1,1,1,400.0
7,15,17,17,1,1,1,400.0
7,15,17,17,1,1,1,400.0
7,21,34,17,1,1,1,400.0
7,21,34,17,1,1,1,400.0
7,29,60,17,1,0,1,400.0
7,29,60,17,1,0,1,400.0
7,48,0,17,2,1,1,400.0
7,48,0,17,2,1,1,400.0
7,57,53,17,2,1,1,400.0
7,57,53,17,2,1,1,400.0
7,85,17,17,2,2,1,400.0
7,85,17,17,2,2,1,400.0
7,96,34,17,2,2,1,400.0
7,96,34,17,2,2,1,400.0
8,10,41,17,1,0,1,400.0
8,10,41,17,1,0,1,400.0
8,36,60,17,1,0,1,400.0
8,36,60,17,1,0,1,400.0
8,38,0,17,1,1,1,400.0
8,38,0,17,1,1,1,400.0
8,40,17,17,1,2,1,400.0
8,40,17,17,1,2,1,400.0
8,94,0,17,2,1,1,400.0
8,94,0,17,2,1,1,400.0
9,99,60,17,0,0,1,400.0
9,99,60,17,0,0,1,400.0
10,16,58,17,0,1,1,400.0
10,16,58,17,0,1,1,400.0
10,58,0,17,1,1,1,400.0
10,58,0,17,1,1,1,400.0
10,67,17,17,1,1,1,400.0
10,67,17,17,1,1,1,400.0
10,73,56,17,1,1,1,400.0
10,73,56,17,1,1,1,400.0
10,81,34,17,1,1,1,400.0
10,81,34,17,1,1,1,400.0
10,92,0,17,2,1,1,400.0
10,92,0,17,2,1,1,400.0
11,49,17,17,1,1,1,400.0
11,49,17,17,1,1,1,400.0
11,61,58,17,1,1,1,400.0
11,61,58,17,1,1,1,400.0
11,78,17,17,2,1,1,400.0
11,78,17,17,2,1,1,400.0
11,79,58,17,2,1,1,400.0
11,79,58,17,2,1,1,400.0
12,1,0,17,1,1,1,400.0
12,1,0,17,1,1,1,400.0
12,19,21,17,1,1,1,400.0
12,19,21,17,1,1,1,400.0
12,30,61,17,1,0,1,400.0
12,30,61,17,1,0,1,400.0
13,8,25,17,0,2,1,400.0
13,8,25,17,0,2,1,400.0
13,12,54,17,0,2,1,400.0
13,12,54,17,0,2,1,400.0
13,50,0,17,1,1,1,400.0
13,50,0,17,1,1,1,400.0
14,42,0,17,1,1,1,400.0
14,42,0,17,1,1,1,400.0
14,43,50,17,1,0,1,400.0
14,43,50,17,1,0,1,400.0
15,43,0,17,1,1,1,400.0
15,43,0,17,1,1,1,400.0
15,76,34,17,1,1,1,400.0
15,76,34,17,1,1,1,400.0
16,12,38,17,1,1,1,400.0
16,12,38,17,1,1,1,400.0
16,48,0,17,1,2,1,400.0
16,48,0,17,1,2,1,400.0
16,66,17,17,1,1,1,400.0
16,66,17,17,1,1,1,400.0
16,99,2,17,2,0,1,400.0
16,99,2,17,2,0,1,400.0
17,22,62,17,0,2,1,400.0
17,22,62,17,0,2,1,400.0
17,25,32,17,1,0,1,400.0
17,25,32,17,1,0,1,400.0
17,43,49,17,1,1,1,400.0
17,43,49,17,1,1,1,400.0
17,91,39,17,2,1,1,400.0
17,91,39,17,2,1,1,400.0
18,3,59,17,0,0,1,400.0
18,3,59,17,0,0,1,400.0
18,21,0,17,1,1,1,400.0
18,21,0,17,1,1,1,400.0
18,46,45,17,1,0,1,400.0
18,46,45,17,1,0,1,400.0
19,30,56,17,1,1,1,400.0
19,30,56,17,1,1,1,400.0
19,41,0,17,2,1,1,400.0
19,41,0,17,2,1,1,400.0
19,65,17,17,2,1,1,400.0
19,65,17,17,2,1,1,400.0
19,80,34,17,2,1,1,400.0
19,80,34,17,2,1,1,400.0
20,12,0,17,2,2,1,400.0
20,12,0,17,2,2,1,400.0
20,48,62,17,1,1,1,400.0
20,48,62,17,1,1,1,400.0
20,55,17,17,2,1,1,400.0
20,55,17,17,2,1,1,400.0
20,59,47,17,2,0,1,400.0
20,59,47,17,2,0,1,400.0
21,5,17,17,1,2,1,400.0
21,5,17,17,1,2,1,400.0
21,45,51,17,1,1,1,400.0
21,45,51,17,1,1,1,400.0
22,6,0,17,2,2,1,400.0
22,6,0,17,2,2,1,400.0
22,13,34,17,1,1,1,400.0
22,13,34,17,1,1,1,400.0
22,56,17,17,2,1,1,400.0
22,56,17,17,2,1,1,400.0
22,65,34,17,2,1,1,400.0
22,65,34,17,2,1,1,400.0
23,10,17,17,1,2,1,400.0
23,10,17,17,1,2,1,400.0
23,22,51,9,1,1,2,400.0
23,22,51,9,1,1,2,400.0
23,25,60,17,1,0,1,400.0
23,25,60,17,1,0,1,400.0
23,45,0,17,1,1,1,400.0
23,45,0,17,1,1,1,400.0
23,67,34,17,1,1,1,400.0
23,67,34,17,1,1,1,400.0
23,82,60,17,2,0,1,400.0
23,82,60,17,2,0,1,400.0
24,64,38,17,0,1,1,400.0
24,64,38,17,0,1,1,400.0
24,68,55,17,0,2,1,400.0
24,68,55,17,0,2,1,400.0
24,71,24,17,1,0,1,400.0
24,71,24,17,1,0,1,400.0
24,89,41,17,1,1,1,400.0
24,89,41,17,1,1,1,400.0
25,13,17,17,1,1,1,400.0
25,13,17,17,1,1,1,400.0
26,43,60,17,0,2,1,400.0
26,43,60,17,0,2,1,400.0
26,88,42,17,1,1,1,400.0
26,88,42,17,1,1,1,400.0
27,14,32,17,0,1,1,400.0
27,14,32,17,0,1,1,400.0
27,25,0,17,1,1,1,400.0
27,25,0,17,1,1,1,400.0
27,53,17,17,1,1,1,400.0
27,53,17,17,1,1,1,400.0
27,57,34,17,1,2,1,400.0
27,57,34,17,1,2,1,400.0
27,86,63,17,1,0,1,400.0
27,86,63,17,1,0,1,400.0
27,98,0,17,2,2,1,400.0
27,98,0,17,2,2,1,400.0
28,29,0,17,1,1,1,400.0
28,29,0,17,1,1,1,400.0
28,35,17,17,1,1,1,400.0
28,35,17,17,1,1,1,400.0
28,38,62,17,1,0,1,400.0
28,38,62,17,1,0,1,400.0
29,32,17,17,1,1,1,400.0
29,32,17,17,1,1,1,400.0
29,33,34,17,1,1,1,400.0
29,33,34,17,1,1,1,400.0
30,0,0,17,1,2,1,400.0
30,0,0,17,1,2,1,400.0
30,56,34,17,1,1,1,400.0
30,56,34,17,1,1,1,400.0
30,57,17,17,1,2,1,400.0
30,57,17,17,1,2,1,400.0
30,58,17,17,2,1,1,400.0
30,58,17,17,2,1,1,400.0
30,75,47,17,2,0,1,400.0
30,75,47,17,2,0,1,400.0
31,0,49,17,1,1,1,400.0
31,0,49,17,1,1,1,400.0
31,3,11,17,0,1,1,400.0
31,3,11,17,0,1,1,400.0
31,36,17,17,1,1,1,400.0
31,36,17,17,1,1,1,400.0
31,50,0,17,1,2,1,400.0
31,50,0,17,1,2,1,400.0
31,68,9,17,2,1,1,400.0
31,68,9,17,2,1,1,400.0
31,74,51,17,2,1,1,400.0
31,74,51,17,2,1,1,400.0
32,76,0,17,1,1,1,400.0
32,76,0,17,1,1,1,400.0
33,59,0,17,1,1,1,400.0
33,59,0,17,1,1,1,400.0
33,71,51,17,1,0,1,400.0
33,71,51,17,1,0,1,400.0
33,89,17,17,1,2,1,400.0
33,89,17,17,1,2,1,400.0
33,90,19,17,2,1,1,400.0
33,90,19,17,2,1,1,400.0
34,23,21,17,1,2,1,400.0
34,23,21,17,1,2,1,400.0
34,45,38,17,1,2,1,400.0
34,45,38,17,1,2,1,400.0
34,47,17,17,2,1,1,400.0
34,47,17,17,2,1,1,400.0
34,93,47,17,2,0,1,400.0
34,93,47,17,2,0,1,400.0
35,38,0,17,0,2,1,400.0
35,38,0,17,0,2,1,400.0
36,82,39,17,1,0,1,400.0
36,82,39,17,1,0,1,400.0
37,75,0,17,1,1,1,400.0
37,75,0,17,1,1,1,400.0
37,83,17,17,1,1,1,400.0
37,83,17,17,1,1,1,400.0
38,8,42,17,1,2,1,400.0
38,8,42,17,1,2,1,400.0
38,69,59,17,1,0,1,400.0
38,69,59,17,1,0,1,400.0
38,71,17,17,1,1,1,400.0
38,71,17,17,1,1,1,400.0
38,79,18,17,2,1,1,400.0
38,79,18,17,2,1,1,400.0
38,91,56,17,2,1,1,400.0
38,91,56,17,2,1,1,400.0
40,48,39,17,1,1,1,400.0
40,48,39,17,1,1,1,400.0
40,50,34,17,2,1,1,400.0
40,50,34,17,2,1,1,400.0
40,52,0,17,1,1,1,400.0
40,52,0,17,1,1,1,400.0
40,76,51,17,2,1,1,400.0
40,76,51,17,2,1,1,400.0
41,48,17,17,1,2,1,400.0
41,48,17,17,1,2,1,400.0
41,64,55,17,1,1,1,400.0
41,64,55,17,1,1,1,400.0
41,94,34,17,1,1,1,400.0
41,94,34,17,1,1,1,400.0
42,15,51,17,1,1,1,400.0
42,15,51,17,1,1,1,400.0
42,68,17,17,1,2,1,400.0
42,68,17,17,1,2,1,400.0
42,73,34,17,1,2,1,400.0
42,73,34,17,1,2,1,400.0
42,74,0,17,2,1,1,400.0
42,74,0,17,2,1,1,400.0
42,90,36,17,2,1,1,400.0
42,90,36,17,2,1,1,400.0
43,1,17,17,1,1,1,400.0
43,1,17,17,1,1,1,400.0
44,49,46,17,1,1,1,400.0
44,49,46,17,1,1,1,400.0
44,85,0,17,2,1,1,400.0
44,85,0,17,2,1,1,400.0
45,8,59,17,2,2,1,400.0
45,8,59,17,2,2,1,400.0
45,47,34,17,1,1,1,400.0
45,47,34,17,1,1,1,400.0
45,53,17,17,1,2,1,400.0
45,53,17,17,1,2,1,400.0
45,94,0,17,2,2,1,400.0
45,94,0,17,2,2,1,400.0
46,14,62,17,0,2,1,400.0
46,14,62,17,0,2,1,400.0
46,32,34,17,1,1,1,400.0
46,32,34,17,1,1,1,400.0
46,40,0,17,1,2,1,400.0
46,40,0,17,1,2,1,400.0
46,86,17,17,1,1,1,400.0
46,86,17,17,1,1,1,400.0
47,27,51,17,1,2,1,400.0
47,27,51,17,1,2,1,400.0
47,46,51,17,2,1,1,400.0
47,46,51,17,2,1,1,400.0
47,76,17,17,2,1,1,400.0
47,76,17,17,2,1,1,400.0
48,9,34,17,2,1,1,400.0
48,9,34,17,2,1,1,400.0
48,41,51,17,2,2,1,400.0
48,41,51,17,2,2,1,400.0
49,39,0,17,1,1,1,400.0
49,39,0,17,1,1,1,400.0
49,43,0,17,2,2,1,400.0
49,43,0,17,2,2,1,400.0
49,61,63,17,1,2,1,400.0
49,61,63,17,1,2,1,400.0
49,63,17,17,2,2,1,400.0
49,63,17,17,2,2,1,400.0
49,78,34,17,2,2,1,400.0
49,78,34,17,2,2,1,400.0
49,89,58,17,2,1,1,400.0
49,89,58,17,2,1,1,400.0
50,39,17,17,1,2,1,400.0
50,39,17,17,1,2,1,400.0
50,51,51,17,1,1,1,400.0
50,51,51,17,1,1,1,400.0
50,62,17,17,2,1,1,400.0
50,62,17,17,2,1,1,400.0
50,91,34,17,2,2,1,400.0
50,91,34,17,2,2,1,400.0
51,14,0,17,1,2,1,400.0
51,14,0,17,1,2,1,400.0
51,23,0,17,2,2,1,400.0
51,23,0,17,2,2,1,400.0
51,42,17,17,1,2,1,400.0
51,42,17,17,1,2,1,400.0
51,43,34,17,1,2,1,400.0
51,43,34,17,1,2,1,400.0
51,91,17,17,2,2,1,400.0
51,91,17,17,2,2,1,400.0
52,73,60,17,0,2,1,400.0
52,73,60,17,0,2,1,400.0
52,88,17,17,1,2,1,400.0
52,88,17,17,1,2,1,400.0
53,12,34,17,2,2,1,400.0
53,12,34,17,2,2,1,400.0
53,17,0,17,1,2,1,400.0
53,17,0,17,1,2,1,400.0
53,18,62,17,2,1,1,400.0
53,18,62,17,2,1,1,400.0
53,30,0,17,2,2,1,400.0
53,30,0,17,2,2,1,400.0
54,1,34,17,1,1,1,400.0
54,1,34,17,1,1,1,400.0
54,10,51,17,1,2,1,400.0
54,10,51,17,1,2,1,400.0
54,11,0,17,1,2,1,400.0
54,11,0,17,1,2,1,400.0
54,14,17,17,1,2,1,400.0
54,14,17,17,1,2,1,400.0
54,37,54,17,2,1,1,400.0
54,37,54,17,2,1,1,400.0
54,67,0,17,2,1,1,400.0
54,67,0,17,2,1,1,400.0
54,82,17,17,2,1,1,400.0
54,82,17,17,2,1,1,400.0
56,36,56,17,1,1,1,400.0
56,36,56,17,1,1,1,400.0
57,13,0,17,1,2,1,400.0
57,13,0,17,1,2,1,400.0
57,51,51,17,2,2,1,400.0
57,51,51,17,2,2,1,400.0
57,86,0,17,2,1,1,400.0
57,86,0,17,2,1,1,400.0
58,50,51,17,1,2,1,400.0
58,50,51,17,1,2,1,400.0
60,15,0,17,1,2,1,400.0
60,15,0,17,1,2,1,400.0
60,19,51,17,1,2,1,400.0
60,19,51,17,1,2,1,400.0
60,34,0,17,2,2,1,400.0
60,34,0,17,2,2,1,400.0
60,56,17,17,2,2,1,400.0
60,56,17,17,2,2,1,400.0
60,81,34,17,2,2,1,400.0
60,81,34,17,2,2,1,400.0
60,98,51,17,2,2,1,400.0
60,98,51,17,2,2,1,400.0
61,9,30,17,0,2,1,400.0
61,9,30,17,0,2,1,400.0
61,16,19,17,1,2,1,400.0
61,16,19,17,1,2,1,400.0
61,33,0,17,1,2,1,400.0
61,33,0,17,1,2,1,400.0
61,41,0,17,2,2,1,400.0
61,41,0,17,2,2,1,400.0
61,43,17,17,2,2,1,400.0
61,43,17,17,2,2,1,400.0
61,47,34,17,2,2,1,400.0
61,47,34,17,2,2,1,400.0
61,65,36,17,1,2,1,400.0
61,65,36,17,1,2,1,400.0
62,73,0,17,1,2,1,400.0
62,73,0,17,1,2,1,400.0
63,10,34,17,2,2,1,400.0
63,10,34,17,2,2,1,400.0
63,39,0,17,2,2,1,400.0
63,39,0,17,2,2,1,400.0
63,70,51,17,2,1,1,400.0
63,70,51,17,2,1,1,400.0
63,83,68,9,1,1,2,400.0
63,83,68,9,1,1,2,400.0
64,3,0,17,1,2,1,400.0
64,3,0,17,1,2,1,400.0
64,24,0,17,2,1,1,400.0
64,24,0,17,2,1,1,400.0
64,31,26,17,2,2,1,400.0
64,31,26,17,2,2,1,400.0
64,52,43,17,2,1,1,400.0
64,52,43,17,2,1,1,400.0
64,62,60,17,2,1,1,400.0
64,62,60,17,2,1,1,400.0
65,41,17,17,2,2,1,400.0
65,41,17,17,2,2,1,400.0
65,66,0,17,1,1,1,400.0
65,66,0,17,1,1,1,400.0
65,75,51,17,1,1,1,400.0
65,75,51,17,1,1,1,400.0
65,79,0,17,2,2,1,400.0
65,79,0,17,2,2,1,400.0
65,93,53,17,2,1,1,400.0
65,93,53,17,2,1,1,400.0
66,11,34,17,2,2,1,400.0
66,11,34,17,2,2,1,400.0
66,32,25,17,0,2,1,400.0
66,32,25,17,0,2,1,400.0
66,60,68,9,1,1,2,400.0
66,60,68,9,1,1,2,400.0
66,83,47,17,1,1,1,400.0
66,83,47,17,1,1,1,400.0
66,88,0,17,2,2,1,400.0
66,88,0,17,2,2,1,400.0
67,75,51,17,1,2,1,400.0
67,75,51,17,1,2,1,400.0
67,95,0,17,2,1,1,400.0
67,95,0,17,2,1,1,400.0
68,18,0,17,2,2,1,400.0
68,18,0,17,2,2,1,400.0
68,67,34,17,2,2,1,400.0
68,67,34,17,2,2,1,400.0
70,38,35,17,2,2,1,400.0
70,38,35,17,2,2,1,400.0
70,46,0,17,1,2,1,400.0
70,46,0,17,1,2,1,400.0
70,65,70,9,0,1,2,400.0
70,65,70,9,0,1,2,400.0
71,76,0,17,1,2,1,400.0
71,76,0,17,1,2,1,400.0
72,0,17,17,1,2,1,400.0
72,0,17,17,1,2,1,400.0
72,12,17,17,2,2,1,400.0
72,12,17,17,2,2,1,400.0
72,27,34,17,1,2,1,400.0
72,27,34,17,1,2,1,400.0
72,39,34,17,2,2,1,400.0
72,39,34,17,2,2,1,400.0
72,78,0,17,1,2,1,400.0
72,78,0,17,1,2,1,400.0
72,80,51,17,2,1,1,400.0
72,80,51,17,2,1,1,400.0
72,90,0,17,2,2,1,400.0
72,90,0,17,2,2,1,400.0
73,28,17,17,2,2,1,400.0
73,28,17,17,2,2,1,400.0
74,3,17,17,1,2,1,400.0
74,3,17,17,1,2,1,400.0
74,28,34,17,2,1,1,400.0
74,28,34,17,2,1,1,400.0
74,75,17,17,2,1,1,400.0
74,75,17,17,2,1,1,400.0
75,25,34,17,1,1,1,400.0
75,25,34,17,1,1,1,400.0
75,72,69,9,0,1,2,400.0
75,72,69,9,0,1,2,400.0
75,85,0,17,2,2,1,400.0
75,85,0,17,2,2,1,400.0
76,44,17,17,2,2,1,400.0
76,44,17,17,2,2,1,400.0
76,74,51,17,2,2,1,400.0
76,74,51,17,2,2,1,400.0
76,79,34,17,2,2,1,400.0
76,79,34,17,2,2,1,400.0
77,16,47,17,0,2,1,400.0
77,16,47,17,0,2,1,400.0
77,79,17,17,1,2,1,400.0
77,79,17,17,1,2,1,400.0
78,50,68,9,1,1,2,400.0
78,50,68,9,1,1,2,400.0
78,62,17,17,2,2,1,400.0
78,62,17,17,2,2,1,400.0
79,17,56,17,2,2,1,400.0
79,17,56,17,2,2,1,400.0
80,13,17,17,1,2,1,400.0
80,13,17,17,1,2,1,400.0
80,25,51,17,2,1,1,400.0
80,25,51,17,2,1,1,400.0
80,31,71,9,1,0,2,400.0
80,31,71,9,1,0,2,400.0
80,54,34,17,2,2,1,400.0
80,54,34,17,2,2,1,400.0
80,97,0,17,2,2,1,400.0
80,97,0,17,2,2,1,400.0
81,86,0,17,1,2,1,400.0
81,86,0,17,1,2,1,400.0
81,88,51,17,2,2,1,400.0
81,88,51,17,2,2,1,400.0
82,36,0,17,1,2,1,400.0
82,36,0,17,1,2,1,400.0
84,55,0,17,1,1,1,400.0
84,55,0,17,1,1,1,400.0
85,58,58,17,1,2,1,400.0
85,58,58,17,1,2,1,400.0
86,69,40,17,1,0,1,400.0
86,69,40,17,1,0,1,400.0
87,33,36,17,1,2,1,400.0
87,33,36,17,1,2,1,400.0
87,69,0,17,1,1,1,400.0
87,69,0,17,1,1,1,400.0
87,95,17,17,1,1,1,400.0
87,95,17,17,1,1,1,400.0
90,4,53,17,1,2,1,400.0
90,4,53,17,1,2,1,400.0
90,54,71,9,1,1,2,400.0
90,54,71,9,1,1,2,400.0
90,95,34,17,2,1,1,400.0
90,95,34,17,2,1,1,400.0
91,24,58,17,2,1,1,400.0
91,24,58,17,2,1,1,400.0
92,0,34,17,1,2,1,400.0
92,0,34,17,1,2,1,400.0
92,55,17,17,1,2,1,400.0
92,55,17,17,1,2,1,400.0
94,55,51,17,1,2,1,400.0
94,55,51,17,1,2,1,400.0
94,78,51,17,2,2,1,400.0
94,78,51,17,2,2,1,400.0
96,18,17,17,1,2,1,400.0
96,18,17,17,1,2,1,400.0
96,26,0,17,2,1,1,400.0
96,26,0,17,2,1,1,400.0
96,69,17,17,2,1,1,400.0
96,69,17,17,2,1,1,400.0
96,82,51,17,2,1,1,400.0
96,82,51,17,2,1,1,400.0
97,18,34,17,2,2,1,400.0
97,18,34,17,2,2,1,400.0
97,45,17,17,2,2,1,400.0
97,45,17,17,2,2,1,400.0
97,87,22,17,1,2,1,400.0
97,87,22,17,1,2,1,400.0
98,15,17,17,2,2,1,400.0
98,15,17,17,2,2,1,400.0
98,36,34,17,2,2,1,400.0
98,36,34,17,2,2,1,400.0
29,82,0,41,2,2,1,1000.0
29,82,0,41,2,2,1,1000.0
44,26,34,41,2,2,1,1000.0
44,26,34,41,2,2,1,1000.0
52,25,0,41,2,2,1,1000.0
52,25,0,41,2,2,1,1000.0
56,28,34,41,2,2,1,1000.0
56,28,34,41,2,2,1,1000.0
71,62,34,41,1,2,1,1000.0
71,62,34,41,1,2,1,1000.0
89,15,34,41,2,2,1,1000.0
89,15,34,41,2,2,1,1000.0
92,87,39,41,2,2,1,1000.0
92,87,39,41,2,2,1,1000.0
95,99,0,41,2,1,1,1000.0
95,99,0,41,2,1,1,1000.0
