src,dst,spec,core_src,core_dst,#core,used_slot,tfk_slot
0,8,0.0,1,0,1,2,1.0
0,9,0.0,1,1,1,13,12.0
0,10,0.0,0,0,1,17,16.0
0,13,49.0,2,2,1,13,12.0
0,17,30.0,1,1,2,2,1.0
0,28,0.0,0,0,1,16,15.0
0,39,47.0,1,1,2,2,2.0
0,41,32.0,1,2,1,7,6.0
0,42,43.0,1,2,1,10,9.0
0,47,36.0,2,2,1,11,10.0
0,49,58.0,0,1,2,2,1.0
0,53,62.0,2,2,1,18,17.0
0,55,4.0,2,2,1,16,15.0
0,59,0.0,0,1,1,17,16.0
0,64,61.0,0,1,2,3,4.0
0,66,22.0,1,2,1,12,11.0
0,80,6.0,0,2,1,9,8.0
0,83,28.0,0,1,2,10,18.0
1,8,36.0,2,1,1,7,6.0
1,13,0.0,1,0,1,8,7.0
1,19,0.0,0,1,1,9,8.0
1,34,0.0,1,1,1,2,1.0
1,52,10.0,2,2,1,2,1.0
1,65,46.0,2,2,1,2,1.0
1,78,30.0,1,1,2,6,10.0
1,91,40.0,1,2,1,5,4.0
1,98,48.0,2,0,1,11,10.0
2,10,0.0,1,1,1,7,6.0
2,55,67.0,1,1,2,2,1.0
2,56,52.0,2,1,1,14,13.0
3,17,2.0,2,2,1,12,11.0
3,20,56.0,0,2,1,9,8.0
3,21,28.0,0,0,3,7,17.0
3,30,65.0,1,1,2,7,12.0
3,48,14.0,2,1,1,14,13.0
3,55,49.0,0,1,2,9,16.0
3,59,38.0,2,1,1,27,26.0
3,66,0.0,0,0,1,8,7.0
3,82,58.0,0,2,1,10,9.0
4,2,46.0,1,1,2,6,10.0
4,7,0.0,0,2,1,2,1.0
4,14,2.0,2,2,1,12,11.0
4,19,51.0,1,2,1,13,12.0
4,24,35.0,2,2,1,9,8.0
4,25,0.0,0,0,1,13,12.0
4,29,61.0,2,2,1,19,18.0
4,37,52.0,2,2,1,2,1.0
4,49,13.0,1,2,1,16,15.0
4,56,20.0,2,2,1,15,14.0
4,73,0.0,2,2,1,2,1.0
4,83,14.0,1,1,2,5,8.0
4,94,44.0,1,1,2,2,1.0
4,96,0.0,0,1,1,2,1.0
5,88,0.0,0,0,1,2,1.0
5,99,2.0,0,2,1,2,1.0
6,0,0.0,0,1,1,8,7.0
6,2,40.0,2,0,1,9,8.0
6,15,0.0,1,1,1,7,6.0
6,24,0.0,1,1,1,2,1.0
6,34,0.0,1,0,1,2,1.0
6,37,20.0,2,1,1,20,19.0
6,38,31.0,1,2,1,2,1.0
6,40,13.0,0,2,1,9,8.0
6,41,0.0,1,0,1,4,3.0
6,45,0.0,1,0,1,2,1.0
6,47,7.0,1,2,1,24,23.0
6,50,0.0,1,0,1,8,7.0
6,52,58.0,2,0,1,16,15.0
6,60,0.0,2,2,1,15,14.0
6,62,0.0,0,1,1,10,9.0
6,68,15.0,2,0,1,5,4.0
6,78,0.0,1,0,1,14,13.0
7,50,68.0,1,2,1,12,11.0
7,54,51.0,2,0,1,16,15.0
7,64,49.0,2,1,1,2,1.0
7,71,6.0,1,1,2,2,1.0
7,72,0.0,0,1,1,13,12.0
7,73,2.0,2,2,1,4,3.0
7,75,0.0,0,1,1,15,14.0
7,77,0.0,1,1,1,14,13.0
7,83,0.0,1,1,1,4,3.0
7,84,62.0,1,2,1,13,12.0
7,91,67.0,1,2,1,8,7.0
7,94,67.0,1,1,2,13,23.0
8,17,41.0,2,2,1,8,7.0
9,3,0.0,1,0,1,2,1.0
9,8,67.0,2,1,1,13,12.0
9,16,0.0,1,0,1,6,5.0
9,20,11.0,2,1,1,5,4.0
9,25,0.0,0,1,1,9,8.0
9,27,34.0,2,1,1,21,20.0
9,36,0.0,0,1,1,13,12.0
9,44,0.0,1,0,1,3,2.0
9,51,0.0,2,1,1,11,10.0
9,52,0.0,1,1,1,2,1.0
9,71,16.0,2,0,1,18,17.0
9,72,0.0,0,0,1,15,14.0
9,75,0.0,1,0,1,2,1.0
9,78,0.0,0,0,1,2,1.0
9,80,0.0,0,1,1,10,9.0
9,87,55.0,2,2,1,12,11.0
9,91,0.0,1,0,1,9,8.0
10,1,41.0,2,0,1,20,19.0
10,3,0.0,1,0,1,3,2.0
10,19,0.0,1,1,1,5,4.0
10,20,0.0,1,1,1,3,2.0
10,26,31.0,2,1,1,2,1.0
10,32,0.0,0,0,1,15,14.0
10,33,0.0,0,0,1,2,1.0
10,34,0.0,0,1,1,2,1.0
10,39,0.0,1,0,1,2,1.0
10,46,0.0,0,1,1,7,6.0
10,58,21.0,2,0,1,10,9.0
10,60,33.0,2,1,1,8,7.0
10,61,0.0,0,1,1,14,13.0
10,62,0.0,0,0,1,9,8.0
10,79,0.0,1,0,1,6,5.0
10,82,5.0,0,2,1,12,11.0
10,84,0.0,1,0,1,13,12.0
10,92,14.0,0,2,1,2,1.0
11,7,42.0,2,2,1,7,6.0
11,25,49.0,2,1,1,2,1.0
11,39,23.0,1,1,2,3,3.0
12,2,0.0,1,0,1,10,9.0
12,3,35.0,1,2,1,3,2.0
12,8,0.0,1,0,1,15,14.0
12,15,0.0,1,0,1,2,1.0
12,17,0.0,1,0,1,2,1.0
12,20,0.0,1,1,1,2,1.0
12,31,0.0,1,1,1,9,8.0
12,38,22.0,2,0,1,17,16.0
12,39,18.0,2,0,1,2,1.0
12,45,0.0,0,1,1,22,21.0
12,52,0.0,1,0,1,8,7.0
12,67,0.0,0,1,1,25,24.0
12,70,0.0,1,1,1,2,1.0
12,90,0.0,2,0,1,18,17.0
12,95,0.0,0,0,1,21,20.0
12,96,0.0,1,2,1,2,1.0
12,97,39.0,2,0,1,10,9.0
13,5,0.0,1,0,1,18,17.0
13,8,0.0,1,1,1,2,1.0
13,10,0.0,0,1,1,11,10.0
13,25,0.0,0,0,1,2,1.0
13,26,0.0,1,1,1,2,1.0
13,27,0.0,1,0,1,6,5.0
13,51,64.0,2,0,1,3,2.0
13,55,0.0,0,0,1,5,4.0
13,57,0.0,1,1,1,3,2.0
13,67,0.0,1,0,1,3,2.0
13,70,0.0,0,0,1,9,8.0
13,80,0.0,2,0,1,20,19.0
13,85,67.0,2,0,1,13,12.0
13,90,0.0,1,0,1,16,15.0
13,95,32.0,2,0,1,17,16.0
14,5,50.0,1,2,1,13,12.0
14,17,0.0,1,1,2,2,1.0
14,18,27.0,0,2,1,2,1.0
14,24,0.0,0,0,1,7,6.0
14,62,46.0,0,2,1,27,26.0
14,92,0.0,1,0,1,2,1.0
14,93,34.0,1,2,1,13,12.0
14,99,0.0,0,1,1,13,12.0
15,9,0.0,1,0,1,7,6.0
15,14,14.0,0,1,2,2,1.0
15,18,33.0,2,2,1,2,1.0
15,26,28.0,1,1,2,5,7.0
15,30,3.0,2,2,1,23,22.0
15,50,0.0,1,1,1,2,1.0
15,61,0.0,0,2,1,13,12.0
15,80,15.0,0,2,1,2,1.0
15,86,59.0,2,0,1,9,8.0
16,82,0.0,0,1,1,2,1.0
16,89,54.0,2,1,1,16,15.0
17,98,0.0,0,0,1,12,11.0
18,3,0.0,0,0,2,2,1.0
18,11,37.0,2,2,1,5,4.0
18,13,0.0,0,0,1,15,14.0
18,17,22.0,0,2,1,8,7.0
18,37,78.0,0,2,1,2,1.0
18,78,42.0,1,1,2,4,6.0
18,79,40.0,1,2,1,32,31.0
18,81,0.0,0,0,1,2,1.0
18,84,46.0,2,2,1,10,9.0
19,10,0.0,0,1,1,3,2.0
19,15,68.0,1,2,1,7,6.0
19,44,64.0,2,2,1,16,15.0
19,63,37.0,2,0,1,14,13.0
19,65,0.0,2,2,1,19,18.0
19,81,0.0,1,0,1,17,16.0
20,1,0.0,1,1,1,15,14.0
20,16,0.0,1,0,1,2,1.0
20,19,0.0,1,1,1,2,1.0
20,22,0.0,1,0,1,5,4.0
20,51,0.0,0,1,1,2,1.0
20,56,0.0,1,1,1,7,6.0
20,67,34.0,2,2,1,13,12.0
20,70,2.0,2,0,1,13,12.0
20,72,53.0,0,2,1,8,7.0
20,74,0.0,0,0,1,14,13.0
20,79,0.0,2,0,1,2,1.0
20,80,0.0,0,0,1,15,14.0
20,81,0.0,0,0,1,11,10.0
20,82,0.0,1,1,1,2,1.0
21,16,35.0,1,0,2,8,13.0
21,28,43.0,1,1,2,6,10.0
21,53,0.0,0,0,1,3,2.0
21,57,10.0,2,2,1,15,14.0
21,64,3.0,1,1,2,7,12.0
21,72,0.0,1,2,1,13,12.0
21,77,0.0,0,0,1,14,13.0
21,86,0.0,1,1,1,13,12.0
21,87,0.0,0,1,1,6,5.0
22,20,0.0,1,1,1,17,16.0
22,30,44.0,0,0,3,10,25.0
22,56,2.0,2,2,1,16,15.0
23,15,26.0,2,2,1,2,1.0
23,40,0.0,0,0,1,13,12.0
23,42,52.0,2,0,1,17,16.0
23,98,0.0,0,0,1,12,11.0
24,0,78.0,2,0,1,2,1.0
24,14,14.0,2,1,1,21,20.0
24,16,70.0,2,2,1,4,3.0
24,20,47.0,1,2,1,9,8.0
24,22,54.0,2,2,1,13,12.0
24,27,35.0,0,2,1,9,8.0
24,31,23.0,0,2,1,15,14.0
24,44,44.0,1,1,2,9,16.0
24,51,57.0,1,2,1,23,22.0
24,55,64.0,0,2,1,3,2.0
24,56,46.0,0,2,1,11,10.0
24,58,0.0,1,2,1,2,1.0
24,61,19.0,0,1,2,12,22.0
24,81,67.0,2,0,1,2,1.0
24,90,74.0,0,0,3,4,8.0
25,1,0.0,0,0,1,15,14.0
25,3,52.0,2,0,1,15,14.0
25,9,0.0,0,1,1,11,10.0
25,28,0.0,0,0,1,6,5.0
25,34,55.0,1,2,1,11,10.0
25,52,0.0,1,0,1,25,24.0
25,61,31.0,2,2,1,13,12.0
25,66,48.0,2,1,1,4,3.0
25,67,0.0,0,0,1,7,6.0
25,81,0.0,0,0,1,13,12.0
25,86,0.0,1,1,1,8,7.0
25,97,0.0,1,0,1,2,1.0
26,27,27.0,1,2,1,8,7.0
26,38,0.0,2,2,1,2,1.0
26,55,40.0,1,1,2,9,16.0
26,59,0.0,1,0,1,14,13.0
26,71,62.0,0,2,1,17,16.0
26,73,33.0,2,0,1,7,6.0
26,96,0.0,0,0,1,17,16.0
27,12,0.0,0,1,1,2,1.0
27,48,0.0,0,1,1,7,6.0
27,68,0.0,0,1,1,12,11.0
27,73,44.0,2,2,1,15,14.0
27,89,0.0,0,1,1,5,4.0
27,92,0.0,0,1,1,6,5.0
28,6,0.0,0,0,1,10,9.0
28,29,36.0,2,2,1,5,4.0
28,75,16.0,2,1,1,13,12.0
30,21,0.0,0,2,1,3,2.0
30,42,7.0,0,2,1,6,5.0
30,68,15.0,0,2,1,13,12.0
30,71,54.0,2,2,1,8,7.0
30,82,17.0,0,2,1,11,10.0
31,3,0.0,2,1,1,4,3.0
31,7,0.0,1,1,1,6,5.0
31,11,0.0,1,0,1,8,7.0
31,16,0.0,1,0,1,13,12.0
31,17,0.0,1,0,1,2,1.0
31,30,0.0,1,0,1,2,1.0
31,32,38.0,2,0,1,15,14.0
31,39,0.0,0,0,1,17,16.0
31,41,6.0,2,1,1,17,16.0
31,44,53.0,2,0,1,13,12.0
31,46,0.0,0,1,1,6,5.0
31,50,0.0,0,0,1,11,10.0
31,60,0.0,1,0,1,7,6.0
31,82,0.0,0,1,1,2,1.0
31,84,0.0,0,0,1,9,8.0
31,88,2.0,1,2,1,15,14.0
31,99,0.0,0,0,1,2,1.0
32,6,49.0,1,2,1,9,8.0
32,7,0.0,0,0,1,20,19.0
32,16,2.0,2,0,1,12,11.0
32,19,0.0,0,0,1,16,15.0
32,24,0.0,1,0,1,4,3.0
32,34,0.0,1,1,1,8,7.0
32,40,0.0,1,1,1,5,4.0
32,41,0.0,0,1,1,9,8.0
32,45,0.0,1,0,1,2,1.0
32,63,0.0,1,1,1,16,15.0
32,73,59.0,2,2,1,21,20.0
32,74,0.0,1,1,1,6,5.0
32,76,0.0,1,1,1,8,7.0
32,84,0.0,1,1,1,4,3.0
32,85,0.0,1,1,1,9,8.0
32,91,0.0,0,0,1,2,1.0
32,94,14.0,2,0,1,11,10.0
33,2,0.0,2,2,1,2,1.0
33,3,72.0,2,2,1,8,7.0
33,16,10.0,0,2,1,25,24.0
33,27,67.0,1,2,1,13,12.0
33,54,65.0,2,0,1,7,6.0
33,79,15.0,2,1,1,13,12.0
34,1,0.0,1,0,1,7,6.0
34,3,0.0,0,0,1,2,1.0
34,4,10.0,2,1,1,15,14.0
34,5,34.0,2,0,1,21,20.0
34,6,0.0,0,0,1,11,10.0
34,25,0.0,1,1,1,10,9.0
34,39,0.0,1,0,1,14,13.0
34,44,25.0,2,0,1,9,8.0
34,49,0.0,1,0,1,2,1.0
34,63,0.0,1,1,1,2,1.0
34,67,23.0,1,2,1,11,10.0
34,69,0.0,2,0,1,10,9.0
34,73,0.0,0,1,1,7,6.0
34,75,0.0,0,0,1,19,18.0
34,82,0.0,0,0,1,15,14.0
35,6,0.0,1,0,1,15,14.0
35,15,0.0,1,1,1,21,20.0
36,5,19.0,2,0,1,7,6.0
36,11,0.0,1,0,1,2,1.0
36,40,60.0,1,2,1,9,8.0
36,41,0.0,1,1,1,2,1.0
36,42,0.0,0,0,1,13,12.0
36,52,0.0,2,0,1,19,18.0
36,54,19.0,1,2,1,16,15.0
36,55,0.0,1,0,1,10,9.0
36,59,0.0,1,1,1,2,1.0
36,67,0.0,0,0,1,15,14.0
36,70,5.0,1,2,1,6,5.0
36,73,0.0,0,1,1,3,2.0
36,76,43.0,2,1,1,18,17.0
36,77,0.0,1,0,1,5,4.0
36,81,0.0,0,1,1,11,10.0
36,94,26.0,2,0,1,16,15.0
36,96,61.0,2,0,1,19,18.0
37,31,0.0,0,0,1,11,10.0
37,43,0.0,0,1,1,2,1.0
37,48,0.0,1,1,1,7,6.0
37,91,54.0,0,2,1,13,12.0
38,3,0.0,0,1,1,9,8.0
38,15,46.0,2,2,1,13,12.0
38,18,0.0,1,1,1,24,23.0
38,39,33.0,0,0,3,4,7.0
38,40,0.0,0,0,1,11,10.0
38,53,15.0,2,2,1,2,1.0
38,90,37.0,2,2,1,9,8.0
39,31,66.0,0,2,1,13,12.0
40,0,20.0,0,2,1,10,9.0
40,13,0.0,1,1,1,2,1.0
40,15,0.0,2,0,1,13,12.0
40,19,0.0,0,0,1,17,16.0
40,24,0.0,1,0,1,9,8.0
40,30,0.0,1,0,1,2,1.0
40,50,0.0,0,1,1,9,8.0
40,57,0.0,1,0,1,6,5.0
40,61,0.0,1,0,1,8,7.0
40,67,39.0,2,1,1,21,20.0
40,68,0.0,1,0,1,7,6.0
40,76,24.0,1,2,1,5,4.0
40,79,0.0,1,2,1,16,15.0
40,84,0.0,1,1,1,6,5.0
40,85,2.0,0,2,1,2,1.0
40,90,72.0,1,2,1,2,1.0
40,98,0.0,1,1,1,6,5.0
41,3,39.0,2,0,1,12,11.0
41,8,37.0,0,2,1,4,3.0
41,18,0.0,2,2,1,25,24.0
41,22,57.0,2,0,1,12,11.0
41,45,30.0,1,2,1,24,23.0
41,85,69.0,1,1,2,11,19.0
41,86,0.0,0,0,1,26,25.0
42,1,0.0,0,0,1,9,8.0
42,25,0.0,0,0,1,13,12.0
42,70,13.0,2,2,1,2,1.0
42,95,15.0,2,2,1,15,14.0
43,3,0.0,2,1,1,13,12.0
43,4,0.0,1,1,1,4,3.0
43,10,0.0,1,1,1,7,6.0
43,14,24.0,2,2,1,17,16.0
43,23,0.0,1,1,1,12,11.0
43,29,0.0,0,0,1,12,11.0
43,31,4.0,1,2,1,2,1.0
43,32,48.0,1,2,1,11,10.0
43,41,0.0,0,0,1,16,15.0
43,42,0.0,0,0,1,18,17.0
43,52,0.0,1,1,1,11,10.0
43,58,0.0,1,1,1,7,6.0
43,66,72.0,2,2,1,8,7.0
43,70,0.0,1,1,1,4,3.0
43,82,0.0,1,1,1,2,1.0
43,97,41.0,2,2,1,9,8.0
43,99,0.0,1,1,1,2,1.0
44,15,0.0,1,1,1,10,9.0
44,54,0.0,0,1,1,2,1.0
45,1,0.0,1,1,2,10,17.0
45,14,76.0,0,2,1,4,3.0
45,19,27.0,2,1,1,3,2.0
45,33,55.0,2,2,1,10,9.0
45,54,67.0,2,0,1,13,12.0
45,57,0.0,1,0,1,11,10.0
45,58,45.0,0,2,1,3,2.0
45,61,0.0,1,1,1,12,11.0
45,63,0.0,0,0,1,22,21.0
45,64,44.0,0,2,1,11,10.0
45,66,0.0,1,1,1,3,2.0
46,33,38.0,2,0,1,4,3.0
46,82,0.0,0,0,1,18,17.0
47,5,3.0,1,1,2,2,1.0
47,7,0.0,0,1,1,7,6.0
47,8,35.0,0,2,1,2,1.0
47,15,0.0,2,2,1,3,2.0
47,17,63.0,2,2,1,17,16.0
47,25,67.0,0,2,1,13,12.0
47,28,31.0,2,2,1,5,4.0
47,36,0.0,0,1,1,7,6.0
47,98,0.0,0,1,1,9,8.0
48,1,59.0,0,2,1,21,20.0
48,3,50.0,2,1,1,5,4.0
48,9,0.0,0,1,1,8,7.0
48,13,0.0,1,0,1,10,9.0
48,22,0.0,1,0,1,2,1.0
48,34,0.0,1,1,1,2,1.0
48,39,28.0,2,1,1,22,21.0
48,41,0.0,1,0,1,9,8.0
48,44,0.0,0,0,1,3,2.0
48,60,0.0,0,0,1,21,20.0
48,63,20.0,2,0,1,8,7.0
48,68,0.0,0,1,1,23,22.0
48,74,0.0,2,0,1,20,19.0
48,80,0.0,1,1,1,7,6.0
48,81,0.0,1,1,1,3,2.0
49,21,0.0,1,1,1,8,7.0
49,90,46.0,0,2,1,21,20.0
50,6,44.0,2,1,1,10,9.0
50,14,41.0,2,0,1,3,2.0
50,16,0.0,1,0,1,7,6.0
50,17,0.0,1,0,1,7,6.0
50,23,0.0,0,1,1,17,16.0
50,26,0.0,1,1,1,15,14.0
50,29,0.0,2,0,1,18,17.0
50,30,0.0,0,0,1,11,10.0
50,31,0.0,0,0,1,9,8.0
50,61,66.0,1,2,1,8,7.0
50,71,18.0,2,0,1,9,8.0
50,76,54.0,2,1,1,14,13.0
50,97,27.0,2,0,1,14,13.0
51,1,0.0,0,0,1,11,10.0
51,5,0.0,0,0,1,2,1.0
51,9,55.0,2,1,1,2,1.0
51,22,0.0,0,0,2,7,12.0
51,27,13.0,2,0,1,10,9.0
51,32,0.0,1,1,1,9,8.0
51,35,0.0,0,0,1,18,17.0
51,38,71.0,1,2,1,9,8.0
51,40,0.0,1,0,1,13,12.0
51,41,0.0,0,0,1,2,1.0
51,43,0.0,0,1,1,11,10.0
51,48,69.0,0,2,1,11,10.0
51,53,0.0,0,0,1,2,1.0
51,61,53.0,0,2,1,13,12.0
51,67,0.0,2,2,1,13,12.0
51,69,0.0,1,0,1,6,5.0
51,84,30.0,2,0,1,25,24.0
51,93,23.0,2,2,1,7,6.0
51,97,50.0,1,2,1,17,16.0
52,28,29.0,0,2,1,2,1.0
52,57,12.0,2,1,1,16,15.0
53,0,60.0,2,0,1,2,1.0
53,10,0.0,0,2,1,21,20.0
53,13,0.0,1,1,1,13,12.0
53,35,35.0,1,2,1,19,18.0
53,56,58.0,2,1,1,2,1.0
53,57,0.0,1,1,1,4,3.0
53,61,0.0,0,1,1,11,10.0
53,63,61.0,0,2,1,19,18.0
53,73,53.0,1,0,2,5,7.0
53,80,29.0,2,2,1,21,20.0
53,83,19.0,1,1,2,9,15.0
53,88,0.0,0,0,1,3,2.0
53,92,50.0,2,1,1,3,2.0
53,98,0.0,2,0,1,15,14.0
54,20,0.0,0,1,1,17,16.0
54,55,69.0,1,2,1,11,10.0
54,60,0.0,0,1,1,19,18.0
54,69,59.0,2,0,1,21,20.0
54,83,11.0,1,2,1,3,2.0
54,98,0.0,1,1,1,13,12.0
55,95,2.0,1,1,2,2,1.0
56,9,0.0,0,0,1,18,17.0
56,16,35.0,2,2,1,8,7.0
56,18,25.0,0,2,1,2,1.0
56,25,57.0,2,1,1,10,9.0
56,36,0.0,1,1,1,6,5.0
56,69,0.0,0,0,1,13,12.0
56,73,0.0,0,0,1,15,14.0
56,96,29.0,1,2,1,15,14.0
57,21,52.0,2,2,1,6,5.0
57,22,22.0,0,2,1,22,21.0
57,26,74.0,1,2,1,6,5.0
57,28,58.0,0,0,3,10,25.0
57,52,69.0,1,2,1,11,10.0
57,58,41.0,1,1,2,4,6.0
57,68,57.0,0,2,1,4,3.0
57,72,0.0,0,0,1,15,14.0
57,74,75.0,1,1,2,5,8.0
57,81,0.0,1,0,1,6,5.0
57,88,0.0,0,0,1,3,2.0
58,4,0.0,1,1,1,2,1.0
58,8,10.0,0,2,1,23,22.0
58,14,16.0,1,0,2,2,1.0
58,35,11.0,2,2,1,2,1.0
58,40,22.0,0,2,1,17,16.0
58,45,10.0,1,2,1,17,16.0
58,50,48.0,2,0,1,10,9.0
58,68,13.0,1,2,1,2,1.0
58,69,0.0,0,0,1,2,1.0
58,80,2.0,2,1,1,9,8.0
58,92,18.0,2,2,1,11,10.0
59,24,0.0,0,1,1,13,12.0
59,39,0.0,0,0,1,9,8.0
59,47,0.0,1,0,1,11,10.0
59,56,44.0,2,0,1,23,22.0
59,61,44.0,1,2,1,9,8.0
59,66,33.0,2,0,1,11,10.0
59,68,0.0,0,1,1,13,12.0
59,69,31.0,2,1,1,2,1.0
59,79,67.0,2,1,1,13,12.0
59,85,0.0,0,0,1,16,15.0
59,92,0.0,1,1,1,11,10.0
60,8,0.0,0,0,1,2,1.0
60,14,17.0,1,1,2,5,8.0
60,35,22.0,2,2,1,9,8.0
60,40,0.0,1,0,1,2,1.0
60,46,31.0,0,0,3,3,6.0
60,50,0.0,1,1,1,8,7.0
60,68,61.0,2,2,1,19,18.0
60,69,19.0,1,2,1,22,21.0
60,72,0.0,1,0,1,3,2.0
60,82,28.0,0,2,1,8,7.0
60,83,49.0,2,2,1,12,11.0
61,2,71.0,0,2,1,9,8.0
61,22,0.0,0,2,1,2,1.0
61,88,0.0,0,1,1,2,1.0
62,36,0.0,0,1,1,2,1.0
62,55,37.0,0,2,1,2,1.0
62,78,27.0,1,1,2,2,1.0
63,4,46.0,2,0,1,15,14.0
63,11,0.0,1,0,1,15,14.0
63,12,0.0,1,0,1,12,11.0
63,19,0.0,0,1,1,13,12.0
63,47,0.0,1,0,1,2,1.0
63,48,0.0,1,1,1,7,6.0
63,59,7.0,2,2,1,13,12.0
63,66,34.0,2,2,1,12,11.0
63,67,0.0,0,1,1,7,6.0
63,69,0.0,0,1,1,13,12.0
63,80,0.0,0,1,1,3,2.0
63,83,0.0,2,0,1,7,6.0
63,89,0.0,1,1,1,2,1.0
63,93,0.0,1,0,1,17,16.0
63,97,0.0,1,0,1,2,1.0
64,4,55.0,1,1,2,6,9.0
64,5,0.0,2,2,1,2,1.0
64,15,35.0,1,1,2,7,12.0
64,18,59.0,0,2,1,21,20.0
64,19,19.0,1,1,2,4,6.0
64,27,0.0,0,1,2,3,3.0
64,28,68.0,1,2,1,12,11.0
64,29,2.0,0,2,1,6,5.0
64,36,0.0,0,0,1,17,16.0
64,39,70.0,2,2,1,10,9.0
64,58,0.0,0,1,1,11,10.0
64,61,13.0,2,2,1,2,1.0
64,77,61.0,1,2,1,19,18.0
64,85,42.0,1,0,2,2,2.0
64,89,30.0,0,2,1,2,1.0
64,93,0.0,0,1,1,8,7.0
65,3,0.0,0,1,2,2,1.0
65,12,20.0,0,2,1,2,1.0
65,33,0.0,1,1,1,24,23.0
65,70,30.0,1,0,2,16,29.0
66,7,0.0,0,0,1,14,13.0
66,8,0.0,0,0,1,19,18.0
66,18,0.0,1,0,1,6,5.0
66,27,0.0,1,1,1,12,11.0
66,41,0.0,2,0,1,16,15.0
66,47,0.0,1,0,1,16,15.0
66,48,0.0,0,1,1,11,10.0
66,50,0.0,1,1,1,2,1.0
66,52,0.0,1,0,1,2,1.0
66,56,67.0,0,2,1,13,12.0
66,65,48.0,2,2,1,21,20.0
66,67,0.0,1,1,1,8,7.0
66,70,0.0,1,0,1,10,9.0
66,97,0.0,1,0,1,2,1.0
67,10,0.0,0,1,1,19,18.0
67,33,0.0,0,1,1,7,6.0
67,73,18.0,2,0,1,5,4.0
67,77,0.0,0,0,1,4,3.0
68,35,33.0,1,1,2,2,1.0
68,54,35.0,2,2,1,22,21.0
68,70,0.0,2,1,1,13,12.0
69,4,0.0,0,1,1,5,4.0
69,22,0.0,0,1,1,7,6.0
69,26,44.0,2,0,1,2,1.0
69,29,0.0,1,0,1,3,2.0
69,33,0.0,1,0,1,27,26.0
69,45,0.0,1,1,1,10,9.0
69,54,0.0,0,1,1,3,2.0
69,61,0.0,0,0,1,2,1.0
69,67,59.0,2,1,1,19,18.0
69,70,69.0,1,2,1,3,2.0
69,83,0.0,0,0,1,9,8.0
69,86,0.0,1,1,1,2,1.0
69,96,0.0,1,1,1,7,6.0
70,1,12.0,0,2,1,18,17.0
70,3,47.0,2,1,1,22,21.0
70,15,43.0,1,1,2,2,2.0
70,21,0.0,0,1,1,8,7.0
70,29,0.0,1,2,1,2,1.0
70,43,38.0,2,1,1,5,4.0
70,49,29.0,1,1,2,9,16.0
70,54,72.0,2,1,1,8,7.0
70,59,0.0,2,2,1,5,4.0
70,66,0.0,1,1,1,6,5.0
70,68,31.0,1,2,1,2,1.0
70,82,0.0,1,1,1,2,1.0
70,99,66.0,1,2,1,14,13.0
71,13,20.0,0,2,1,7,6.0
71,54,35.0,1,0,2,8,13.0
71,62,43.0,1,1,2,3,4.0
71,81,0.0,0,2,1,18,17.0
72,20,0.0,0,1,1,3,2.0
72,37,0.0,1,0,1,2,1.0
72,39,0.0,0,0,1,13,12.0
72,53,0.0,0,0,1,11,10.0
72,55,0.0,1,0,1,11,10.0
72,57,0.0,0,1,1,2,1.0
72,58,0.0,1,1,1,15,14.0
72,60,13.0,2,0,1,28,27.0
72,80,0.0,1,1,1,17,16.0
72,83,0.0,0,1,1,17,16.0
72,97,0.0,1,0,1,10,9.0
73,12,49.0,1,2,1,27,26.0
73,19,24.0,2,2,1,2,1.0
73,29,57.0,0,1,2,4,6.0
73,30,26.0,2,2,1,18,17.0
73,31,0.0,0,1,1,17,16.0
73,36,0.0,1,0,1,8,7.0
73,87,15.0,2,2,1,9,8.0
73,93,6.0,2,2,1,9,8.0
74,9,0.0,0,1,1,2,1.0
74,58,58.0,0,2,1,22,21.0
74,61,57.0,2,1,1,18,17.0
74,78,46.0,2,1,1,11,10.0
74,88,0.0,1,0,1,4,3.0
75,0,2.0,2,2,1,2,1.0
75,11,26.0,1,1,2,2,1.0
75,15,0.0,0,1,1,11,10.0
75,23,69.0,1,1,2,11,20.0
75,27,65.0,2,2,1,2,1.0
75,33,28.0,2,2,1,19,18.0
75,38,0.0,0,0,1,13,12.0
75,41,51.0,1,1,2,6,10.0
75,54,0.0,0,1,2,7,12.0
75,82,0.0,1,1,1,6,5.0
75,88,0.0,2,2,1,2,1.0
75,96,0.0,1,1,1,2,1.0
76,9,0.0,1,1,1,15,14.0
76,13,0.0,0,0,1,16,15.0
76,22,0.0,1,1,1,2,1.0
76,25,1.0,2,2,1,23,22.0
76,38,0.0,1,1,1,5,4.0
76,44,68.0,2,0,1,12,11.0
76,47,5.0,0,2,1,2,1.0
76,48,55.0,0,2,1,14,13.0
76,65,0.0,0,0,1,18,17.0
76,71,44.0,2,0,1,23,22.0
76,74,0.0,0,0,1,2,1.0
76,81,0.0,0,1,1,4,3.0
76,82,0.0,1,1,1,2,1.0
76,86,29.0,2,2,1,15,14.0
76,94,0.0,0,1,1,15,14.0
77,14,0.0,1,1,1,14,13.0
77,15,48.0,2,0,1,6,5.0
77,22,16.0,2,1,1,17,16.0
77,23,33.0,2,2,1,15,14.0
77,29,0.0,2,0,1,6,5.0
77,30,0.0,1,1,1,3,2.0
77,38,0.0,1,0,1,2,1.0
77,41,6.0,2,1,1,9,8.0
77,43,0.0,1,0,1,11,10.0
77,44,0.0,1,0,1,4,3.0
77,62,0.0,1,0,1,2,1.0
77,63,20.0,0,2,1,14,13.0
77,69,0.0,1,1,1,10,9.0
77,73,0.0,0,1,1,7,6.0
77,79,0.0,0,0,1,16,15.0
77,86,0.0,0,1,1,8,7.0
77,97,54.0,2,1,1,7,6.0
78,5,48.0,2,2,1,2,1.0
78,35,0.0,1,1,1,11,10.0
78,43,50.0,2,2,1,22,21.0
78,53,46.0,2,1,1,2,1.0
78,54,7.0,0,2,1,3,2.0
78,67,13.0,0,2,1,5,4.0
78,68,0.0,2,0,1,27,26.0
78,84,0.0,0,1,1,13,12.0
78,93,64.0,1,2,1,16,15.0
78,96,0.0,0,1,1,10,9.0
79,11,75.0,2,2,1,3,2.0
79,17,37.0,2,2,1,3,2.0
79,20,0.0,0,0,1,21,20.0
79,37,16.0,2,2,1,4,3.0
79,42,30.0,1,2,1,13,12.0
79,45,78.0,2,1,1,2,1.0
79,55,20.0,2,2,1,17,16.0
79,61,74.0,1,2,1,6,5.0
79,84,0.0,0,1,1,17,16.0
79,88,0.0,0,1,1,14,13.0
79,99,0.0,1,0,1,7,6.0
80,2,17.0,1,1,2,8,13.0
80,8,67.0,2,2,1,13,12.0
80,34,0.0,0,0,1,19,18.0
80,42,0.0,1,1,2,6,9.0
80,81,53.0,2,2,1,9,8.0
80,89,5.0,1,2,1,2,1.0
80,92,0.0,0,0,1,3,2.0
81,8,34.0,2,1,1,19,18.0
81,16,18.0,2,0,1,16,15.0
81,21,67.0,1,2,1,13,12.0
81,37,63.0,2,1,1,17,16.0
81,47,0.0,1,1,1,2,1.0
81,62,0.0,0,0,1,17,16.0
81,65,0.0,0,0,1,7,6.0
81,72,61.0,1,2,1,18,17.0
81,82,68.0,1,2,1,12,11.0
81,90,0.0,1,0,1,13,12.0
81,92,0.0,0,1,1,2,1.0
81,95,0.0,1,0,1,2,1.0
82,10,61.0,0,2,1,18,17.0
82,12,0.0,1,1,1,10,9.0
82,36,36.0,2,0,1,13,12.0
82,37,0.0,0,0,1,6,5.0
82,44,0.0,1,0,1,2,1.0
82,45,0.0,0,0,1,9,8.0
82,50,0.0,1,1,1,8,7.0
82,58,0.0,1,1,1,2,1.0
82,66,0.0,1,1,1,2,1.0
82,75,0.0,1,1,1,4,3.0
82,81,0.0,1,1,1,2,1.0
82,83,0.0,1,0,1,11,10.0
82,92,0.0,1,1,1,12,11.0
82,94,0.0,2,1,1,5,4.0
82,99,0.0,1,1,1,2,1.0
83,89,0.0,0,0,1,14,13.0
84,11,29.0,1,1,2,8,14.0
84,26,49.0,1,2,1,18,17.0
84,44,17.0,0,2,1,27,26.0
84,54,17.0,2,2,1,2,1.0
84,66,0.0,1,1,1,2,1.0
85,34,0.0,0,1,1,16,15.0
85,38,62.0,2,1,1,7,6.0
85,49,60.0,0,2,1,20,19.0
85,84,56.0,1,1,2,6,10.0
86,0,0.0,0,1,1,5,4.0
86,5,44.0,2,1,1,22,21.0
86,7,0.0,1,0,1,2,1.0
86,8,0.0,0,1,1,13,12.0
86,9,0.0,1,0,1,2,1.0
86,18,0.0,0,0,1,3,2.0
86,27,14.0,2,1,1,15,14.0
86,44,0.0,0,0,1,11,10.0
86,52,0.0,1,1,1,10,9.0
86,64,0.0,1,1,1,2,1.0
86,67,66.0,2,2,1,14,13.0
86,69,78.0,1,2,1,2,1.0
86,71,0.0,0,0,1,2,1.0
86,72,41.0,1,2,1,12,11.0
86,78,2.0,2,1,1,12,11.0
86,79,0.0,2,0,1,2,1.0
86,83,0.0,1,0,1,9,8.0
86,85,0.0,0,0,1,9,8.0
86,97,0.0,1,0,1,2,1.0
87,0,77.0,2,1,1,3,2.0
87,6,0.0,1,0,1,8,7.0
87,8,0.0,0,1,1,2,1.0
87,11,67.0,0,0,3,6,13.0
87,24,0.0,2,2,1,14,13.0
87,29,44.0,0,2,1,13,12.0
87,32,25.0,2,2,1,22,21.0
87,39,49.0,0,2,1,3,2.0
87,46,48.0,1,0,2,3,4.0
87,56,0.0,1,1,1,10,9.0
87,58,0.0,1,1,1,15,14.0
87,59,0.0,1,0,1,15,14.0
87,60,35.0,0,2,1,14,13.0
87,72,0.0,0,1,1,6,5.0
87,79,0.0,1,1,1,7,6.0
87,82,0.0,1,1,1,4,3.0
87,85,51.0,2,2,1,4,3.0
88,2,0.0,0,0,1,13,12.0
88,5,0.0,0,0,1,15,14.0
88,7,0.0,1,0,1,11,10.0
88,12,55.0,2,1,1,2,1.0
88,39,17.0,2,1,1,20,19.0
88,40,57.0,2,1,1,2,1.0
88,45,0.0,1,0,1,7,6.0
88,53,0.0,0,1,1,2,1.0
88,56,37.0,2,1,1,18,17.0
88,57,0.0,0,0,1,5,4.0
88,69,46.0,0,2,1,13,12.0
88,73,0.0,1,0,1,27,26.0
88,77,0.0,1,1,1,10,9.0
88,80,0.0,0,1,1,2,1.0
88,81,0.0,0,0,1,2,1.0
88,82,0.0,1,1,1,3,2.0
88,83,67.0,0,2,1,13,12.0
88,87,0.0,0,0,1,3,2.0
89,15,75.0,1,1,2,5,7.0
89,22,0.0,0,1,1,7,6.0
89,32,0.0,2,2,1,2,1.0
89,38,7.0,1,1,2,5,7.0
89,43,32.0,2,0,1,23,22.0
89,50,0.0,1,1,1,14,13.0
89,54,0.0,0,1,1,21,20.0
89,58,29.0,0,2,1,12,11.0
89,65,19.0,2,2,1,11,10.0
89,69,0.0,0,2,1,19,18.0
89,75,12.0,1,1,2,7,11.0
89,77,0.0,1,1,1,9,8.0
89,96,55.0,2,1,1,2,1.0
89,99,53.0,0,2,1,7,6.0
90,8,0.0,0,0,1,13,12.0
91,18,0.0,0,1,1,15,14.0
91,61,0.0,1,0,1,9,8.0
91,87,75.0,2,1,1,5,4.0
92,2,0.0,0,0,1,19,18.0
92,5,16.0,2,1,1,2,1.0
92,6,74.0,1,2,1,6,5.0
92,11,5.0,2,0,1,9,8.0
92,12,0.0,0,1,1,6,5.0
92,23,0.0,1,0,1,15,14.0
92,33,0.0,0,0,1,2,1.0
92,37,0.0,0,0,1,23,22.0
92,38,68.0,2,1,1,12,11.0
92,58,0.0,0,0,1,2,1.0
92,62,0.0,1,0,1,7,6.0
92,65,45.0,2,0,1,23,22.0
92,67,0.0,1,0,1,9,8.0
92,77,0.0,0,0,1,11,10.0
92,80,29.0,2,1,1,15,14.0
92,82,0.0,0,0,1,12,11.0
92,84,0.0,1,0,1,2,1.0
92,93,0.0,1,0,1,2,1.0
93,1,0.0,1,1,1,4,3.0
93,8,33.0,0,2,1,2,1.0
93,22,67.0,1,2,1,13,12.0
93,24,0.0,0,0,2,2,1.0
93,33,47.0,0,0,3,8,19.0
93,39,15.0,2,2,1,7,6.0
93,49,0.0,2,0,1,2,1.0
93,71,0.0,0,2,1,4,3.0
93,74,18.0,1,2,1,28,27.0
93,78,0.0,1,1,1,11,10.0
93,89,2.0,2,2,1,3,2.0
94,1,23.0,2,1,1,5,4.0
94,6,0.0,0,0,1,6,5.0
94,8,49.0,2,2,1,18,17.0
94,11,17.0,0,0,3,6,14.0
94,67,0.0,2,0,1,11,10.0
94,89,57.0,1,2,1,18,17.0
94,95,55.0,0,2,1,25,24.0
94,98,0.0,1,1,1,12,11.0
95,26,4.0,2,1,1,11,10.0
96,15,20.0,2,0,1,9,8.0
96,20,65.0,0,2,1,15,14.0
96,28,2.0,2,1,1,14,13.0
96,38,0.0,1,1,1,5,4.0
96,51,0.0,1,1,1,5,4.0
96,52,0.0,0,0,1,2,1.0
96,57,0.0,1,1,1,8,7.0
96,70,0.0,1,0,1,2,1.0
96,73,0.0,1,1,1,17,16.0
96,75,44.0,2,0,1,15,14.0
96,79,0.0,0,1,1,12,11.0
96,88,59.0,2,2,1,21,20.0
96,89,0.0,1,1,1,2,1.0
96,90,0.0,0,0,1,13,12.0
96,97,0.0,1,0,1,18,17.0
97,57,75.0,2,1,1,5,4.0
98,1,0.0,1,1,1,13,12.0
98,5,0.0,1,0,1,9,8.0
98,11,0.0,1,0,1,2,1.0
98,14,37.0,2,0,1,19,18.0
98,17,0.0,1,0,1,9,8.0
98,19,0.0,1,1,1,4,3.0
98,20,15.0,2,2,1,14,13.0
98,21,0.0,1,1,1,2,1.0
98,23,0.0,0,0,1,11,10.0
98,29,0.0,0,0,1,3,2.0
98,35,0.0,2,0,1,13,12.0
98,42,70.0,2,0,1,10,9.0
98,44,56.0,2,0,1,14,13.0
98,65,69.0,0,2,1,11,10.0
98,95,29.0,2,0,1,8,7.0
99,11,0.0,1,1,2,2,2.0
99,13,0.0,0,1,1,12,11.0
99,29,0.0,0,1,1,5,4.0
99,46,34.0,0,0,3,4,8.0
99,49,0.0,0,2,1,13,12.0
99,56,38.0,1,0,2,7,12.0
99,62,73.0,0,2,1,7,6.0
99,63,0.0,0,1,1,2,1.0
99,70,0.0,0,1,1,3,2.0
99,83,0.0,1,0,1,20,19.0
99,85,4.0,0,0,3,2,3.0
99,86,60.0,2,1,1,6,5.0
99,91,45.0,0,0,3,8,21.0
